"year","month","period","period_desc","aggregate_level","is_leaf_code","trade_code","trade_flow","reporter_code","reporter","partner_code","partner_iso","partner","commodity_code","commodity","mot_code","mot_desc","QtyUnitCode","QtyUnitAbbr","Qty","IsQtyEstimated","IsNetWgtEstimated","netweight_kg","trade_value_us","cifvalue","fobvalue","IsReported","IsAggregate","partner_region"
2022,1,"2022-01-01",202201,6,TRUE,"X","Export",51,"Armenia",203,"CZE","Czechia",851713,"Telephone sets; smartphones for cellular or other wireless networks",0,"TOTAL MOT",5,"u",54,FALSE,FALSE,11.4,28013.76,NA,28013.76,FALSE,TRUE,"Other countries"
2022,1,"2022-01-01",202201,6,TRUE,"M","Import",51,"Armenia",156,"CHN","China",851713,"Telephone sets; smartphones for cellular or other wireless networks",0,"TOTAL MOT",5,"u",16567,FALSE,FALSE,7399.113,3433495.59,3433495.59,NA,FALSE,TRUE,"Greater China"
2022,1,"2022-01-01",202201,6,TRUE,"M","Import",51,"Armenia",704,"VNM","Viet Nam",851713,"Telephone sets; smartphones for cellular or other wireless networks",0,"TOTAL MOT",5,"u",7958,FALSE,FALSE,1072.816,1336235.45,1336235.45,NA,FALSE,TRUE,"Other countries"
2022,1,"2022-01-01",202201,6,TRUE,"M","Import",51,"Armenia",699,"IND","India",851713,"Telephone sets; smartphones for cellular or other wireless networks",0,"TOTAL MOT",5,"u",1152,FALSE,FALSE,243.792,253352.89,253352.89,NA,FALSE,TRUE,"Other countries"
2022,2,"2022-02-01",202202,6,TRUE,"M","Import",51,"Armenia",156,"CHN","China",851713,"Telephone sets; smartphones for cellular or other wireless networks",0,"TOTAL MOT",5,"u",25565,FALSE,FALSE,9199.522,6215586.11,6215586.11,NA,FALSE,TRUE,"Greater China"
2022,2,"2022-02-01",202202,6,TRUE,"M","Import",51,"Armenia",643,"RUS","Russian Federation",851713,"Telephone sets; smartphones for cellular or other wireless networks",0,"TOTAL MOT",5,"u",722,FALSE,FALSE,216,144882.62,144882.62,NA,FALSE,TRUE,"EAEU"
2022,2,"2022-02-01",202202,6,TRUE,"M","Import",51,"Armenia",410,"KOR","Rep. of Korea",851713,"Telephone sets; smartphones for cellular or other wireless networks",0,"TOTAL MOT",5,"u",173,FALSE,FALSE,22.394,142579.41,142579.41,NA,FALSE,TRUE,"Other countries"
2022,2,"2022-02-01",202202,6,TRUE,"M","Import",51,"Armenia",458,"MYS","Malaysia",851713,"Telephone sets; smartphones for cellular or other wireless networks",0,"TOTAL MOT",5,"u",40,FALSE,FALSE,7.5,6322,6322,NA,FALSE,TRUE,"Other countries"
2022,2,"2022-02-01",202202,6,TRUE,"X","Export",51,"Armenia",100,"BGR","Bulgaria",851713,"Telephone sets; smartphones for cellular or other wireless networks",0,"TOTAL MOT",5,"u",3,FALSE,FALSE,0.43,630,NA,630,FALSE,TRUE,"EU"
2022,2,"2022-02-01",202202,6,TRUE,"M","Import",51,"Armenia",704,"VNM","Viet Nam",851713,"Telephone sets; smartphones for cellular or other wireless networks",0,"TOTAL MOT",5,"u",5058,FALSE,FALSE,758.192,849031.82,849031.82,NA,FALSE,TRUE,"Other countries"
2022,2,"2022-02-01",202202,6,TRUE,"M","Import",51,"Armenia",699,"IND","India",851713,"Telephone sets; smartphones for cellular or other wireless networks",0,"TOTAL MOT",5,"u",5559,FALSE,FALSE,766.878,1098890.29,1098890.29,NA,FALSE,TRUE,"Other countries"
2022,2,"2022-02-01",202202,6,TRUE,"X","Export",51,"Armenia",784,"ARE","United Arab Emirates",851713,"Telephone sets; smartphones for cellular or other wireless networks",0,"TOTAL MOT",5,"u",774,FALSE,FALSE,295.08,125859.5,NA,125859.5,FALSE,TRUE,"Middle East"
2022,2,"2022-02-01",202202,6,TRUE,"X","Export",51,"Armenia",203,"CZE","Czechia",851713,"Telephone sets; smartphones for cellular or other wireless networks",0,"TOTAL MOT",5,"u",20,FALSE,FALSE,4,7340.02,NA,7340.02,FALSE,TRUE,"Other countries"
2022,2,"2022-02-01",202202,6,TRUE,"X","Export",51,"Armenia",344,"HKG","China, Hong Kong SAR",851713,"Telephone sets; smartphones for cellular or other wireless networks",0,"TOTAL MOT",5,"u",79,FALSE,FALSE,31.79,10727.18,NA,10727.18,FALSE,TRUE,"Other countries"
2022,3,"2022-03-01",202203,6,TRUE,"M","Import",51,"Armenia",699,"IND","India",851713,"Telephone sets; smartphones for cellular or other wireless networks",0,"TOTAL MOT",5,"u",154,FALSE,FALSE,29.69,29125.82,29125.82,NA,FALSE,TRUE,"Other countries"
2022,3,"2022-03-01",202203,6,TRUE,"X","Export",51,"Armenia",203,"CZE","Czechia",851713,"Telephone sets; smartphones for cellular or other wireless networks",0,"TOTAL MOT",5,"u",28,FALSE,FALSE,5.6,13690.26,NA,13690.26,FALSE,TRUE,"Other countries"
2022,3,"2022-03-01",202203,6,TRUE,"M","Import",51,"Armenia",156,"CHN","China",851713,"Telephone sets; smartphones for cellular or other wireless networks",0,"TOTAL MOT",5,"u",4840,FALSE,FALSE,1459.18,1992998.37,1992998.37,NA,FALSE,TRUE,"Greater China"
2022,3,"2022-03-01",202203,6,TRUE,"M","Import",51,"Armenia",704,"VNM","Viet Nam",851713,"Telephone sets; smartphones for cellular or other wireless networks",0,"TOTAL MOT",5,"u",1397,FALSE,FALSE,141.55,70632.92,70632.92,NA,FALSE,TRUE,"Other countries"
2022,4,"2022-04-01",202204,6,TRUE,"M","Import",51,"Armenia",458,"MYS","Malaysia",851713,"Telephone sets; smartphones for cellular or other wireless networks",0,"TOTAL MOT",5,"u",124,FALSE,FALSE,23.55,18735.1,18735.1,NA,FALSE,TRUE,"Other countries"
2022,4,"2022-04-01",202204,6,TRUE,"M","Import",51,"Armenia",417,"KGZ","Kyrgyzstan",851713,"Telephone sets; smartphones for cellular or other wireless networks",0,"TOTAL MOT",5,"u",105,FALSE,FALSE,43,5300.87,5300.87,NA,FALSE,TRUE,"EAEU"
2022,4,"2022-04-01",202204,6,TRUE,"M","Import",51,"Armenia",156,"CHN","China",851713,"Telephone sets; smartphones for cellular or other wireless networks",0,"TOTAL MOT",5,"u",9707,FALSE,FALSE,3265.8,3859289.77,3859289.77,NA,FALSE,TRUE,"Greater China"
2022,4,"2022-04-01",202204,6,TRUE,"X","Export",51,"Armenia",203,"CZE","Czechia",851713,"Telephone sets; smartphones for cellular or other wireless networks",0,"TOTAL MOT",5,"u",18,FALSE,FALSE,3.5,8319.16,NA,8319.16,FALSE,TRUE,"Other countries"
2022,4,"2022-04-01",202204,6,TRUE,"M","Import",51,"Armenia",410,"KOR","Rep. of Korea",851713,"Telephone sets; smartphones for cellular or other wireless networks",0,"TOTAL MOT",5,"u",6,FALSE,FALSE,2.22,3928.51,3928.51,NA,FALSE,TRUE,"Other countries"
2022,4,"2022-04-01",202204,6,TRUE,"M","Import",51,"Armenia",643,"RUS","Russian Federation",851713,"Telephone sets; smartphones for cellular or other wireless networks",0,"TOTAL MOT",5,"u",820,FALSE,FALSE,820.5,8583.69,8583.69,NA,FALSE,TRUE,"EAEU"
2022,4,"2022-04-01",202204,6,TRUE,"M","Import",51,"Armenia",704,"VNM","Viet Nam",851713,"Telephone sets; smartphones for cellular or other wireless networks",0,"TOTAL MOT",5,"u",1404,FALSE,FALSE,308.72,231698.36,231698.36,NA,FALSE,TRUE,"Other countries"
2022,4,"2022-04-01",202204,6,TRUE,"M","Import",51,"Armenia",899,"_X","Areas, nes",851713,"Telephone sets; smartphones for cellular or other wireless networks",0,"TOTAL MOT",5,"u",50,FALSE,FALSE,10,270.61,270.61,NA,FALSE,TRUE,"Other countries"
2022,4,"2022-04-01",202204,6,TRUE,"M","Import",51,"Armenia",360,"IDN","Indonesia",851713,"Telephone sets; smartphones for cellular or other wireless networks",0,"TOTAL MOT",5,"u",17,FALSE,FALSE,6.29,2882.46,2882.46,NA,FALSE,TRUE,"Other countries"
2022,4,"2022-04-01",202204,6,TRUE,"M","Import",51,"Armenia",699,"IND","India",851713,"Telephone sets; smartphones for cellular or other wireless networks",0,"TOTAL MOT",5,"u",307,FALSE,FALSE,66.21,73508,73508,NA,FALSE,TRUE,"Other countries"
2022,5,"2022-05-01",202205,6,TRUE,"X","Export",51,"Armenia",112,"BLR","Belarus",851713,"Telephone sets; smartphones for cellular or other wireless networks",0,"TOTAL MOT",5,"u",250,FALSE,FALSE,110,41875,NA,41875,FALSE,TRUE,"EAEU"
2022,5,"2022-05-01",202205,6,TRUE,"M","Import",51,"Armenia",458,"MYS","Malaysia",851713,"Telephone sets; smartphones for cellular or other wireless networks",0,"TOTAL MOT",5,"u",168,FALSE,FALSE,53.99,55447.41,55447.41,NA,FALSE,TRUE,"Other countries"
2022,5,"2022-05-01",202205,6,TRUE,"M","Import",51,"Armenia",410,"KOR","Rep. of Korea",851713,"Telephone sets; smartphones for cellular or other wireless networks",0,"TOTAL MOT",5,"u",261,FALSE,FALSE,38.159,200561.95,200561.95,NA,FALSE,TRUE,"Other countries"
2022,5,"2022-05-01",202205,6,TRUE,"M","Import",51,"Armenia",704,"VNM","Viet Nam",851713,"Telephone sets; smartphones for cellular or other wireless networks",0,"TOTAL MOT",5,"u",3694,FALSE,FALSE,639.345,817444.36,817444.36,NA,FALSE,TRUE,"Other countries"
2022,5,"2022-05-01",202205,6,TRUE,"M","Import",51,"Armenia",643,"RUS","Russian Federation",851713,"Telephone sets; smartphones for cellular or other wireless networks",0,"TOTAL MOT",5,"u",2500,FALSE,FALSE,111.8,145055.5,145055.5,NA,FALSE,TRUE,"EAEU"
2022,5,"2022-05-01",202205,6,TRUE,"X","Export",51,"Armenia",203,"CZE","Czechia",851713,"Telephone sets; smartphones for cellular or other wireless networks",0,"TOTAL MOT",5,"u",24,FALSE,FALSE,3.5,12458.54,NA,12458.54,FALSE,TRUE,"Other countries"
2022,5,"2022-05-01",202205,6,TRUE,"M","Import",51,"Armenia",586,"PAK","Pakistan",851713,"Telephone sets; smartphones for cellular or other wireless networks",0,"TOTAL MOT",5,"u",85,FALSE,FALSE,17.43,8840,8840,NA,FALSE,TRUE,"Other countries"
2022,5,"2022-05-01",202205,6,TRUE,"X","Export",51,"Armenia",643,"RUS","Russian Federation",851713,"Telephone sets; smartphones for cellular or other wireless networks",0,"TOTAL MOT",5,"u",932,FALSE,FALSE,596,634141.76,NA,634141.76,FALSE,TRUE,"EAEU"
2022,5,"2022-05-01",202205,6,TRUE,"M","Import",51,"Armenia",156,"CHN","China",851713,"Telephone sets; smartphones for cellular or other wireless networks",0,"TOTAL MOT",5,"u",11438,FALSE,FALSE,3698.391,4433425.34,4433425.34,NA,FALSE,TRUE,"Greater China"
2022,5,"2022-05-01",202205,6,TRUE,"X","Export",51,"Armenia",344,"HKG","China, Hong Kong SAR",851713,"Telephone sets; smartphones for cellular or other wireless networks",0,"TOTAL MOT",5,"u",63,FALSE,FALSE,27.66,8234.98,NA,8234.98,FALSE,TRUE,"Other countries"
2022,5,"2022-05-01",202205,6,TRUE,"M","Import",51,"Armenia",699,"IND","India",851713,"Telephone sets; smartphones for cellular or other wireless networks",0,"TOTAL MOT",5,"u",10629,FALSE,FALSE,1451.74,2124162.26,2124162.26,NA,FALSE,TRUE,"Other countries"
2022,6,"2022-06-01",202206,6,TRUE,"M","Import",51,"Armenia",699,"IND","India",851713,"Telephone sets; smartphones for cellular or other wireless networks",0,"TOTAL MOT",5,"u",970,FALSE,FALSE,254.06,179723.14,179723.14,NA,FALSE,TRUE,"Other countries"
2022,6,"2022-06-01",202206,6,TRUE,"X","Export",51,"Armenia",643,"RUS","Russian Federation",851713,"Telephone sets; smartphones for cellular or other wireless networks",0,"TOTAL MOT",5,"u",6648,FALSE,FALSE,1762.54,5763075.56,NA,5763075.56,FALSE,TRUE,"EAEU"
2022,6,"2022-06-01",202206,6,TRUE,"X","Export",51,"Armenia",112,"BLR","Belarus",851713,"Telephone sets; smartphones for cellular or other wireless networks",0,"TOTAL MOT",5,"u",993,FALSE,FALSE,269.46,223807.5,NA,223807.5,FALSE,TRUE,"EAEU"
2022,6,"2022-06-01",202206,6,TRUE,"M","Import",51,"Armenia",417,"KGZ","Kyrgyzstan",851713,"Telephone sets; smartphones for cellular or other wireless networks",0,"TOTAL MOT",5,"u",442,FALSE,FALSE,171,36304.49,36304.49,NA,FALSE,TRUE,"EAEU"
2022,6,"2022-06-01",202206,6,TRUE,"X","Export",51,"Armenia",268,"GEO","Georgia",851713,"Telephone sets; smartphones for cellular or other wireless networks",0,"TOTAL MOT",5,"u",3350,FALSE,FALSE,294.7,88543,NA,88543,FALSE,TRUE,"Other countries"
2022,6,"2022-06-01",202206,6,TRUE,"X","Export",51,"Armenia",203,"CZE","Czechia",851713,"Telephone sets; smartphones for cellular or other wireless networks",0,"TOTAL MOT",5,"u",10,FALSE,FALSE,2,5797.19,NA,5797.19,FALSE,TRUE,"Other countries"
2022,6,"2022-06-01",202206,6,TRUE,"M","Import",51,"Armenia",458,"MYS","Malaysia",851713,"Telephone sets; smartphones for cellular or other wireless networks",0,"TOTAL MOT",5,"u",15,FALSE,FALSE,2.93,2034,2034,NA,FALSE,TRUE,"Other countries"
2022,6,"2022-06-01",202206,6,TRUE,"M","Import",51,"Armenia",764,"THA","Thailand",851713,"Telephone sets; smartphones for cellular or other wireless networks",0,"TOTAL MOT",5,"u",5,FALSE,FALSE,1.2,2478.04,2478.04,NA,FALSE,TRUE,"Other countries"
2022,6,"2022-06-01",202206,6,TRUE,"M","Import",51,"Armenia",704,"VNM","Viet Nam",851713,"Telephone sets; smartphones for cellular or other wireless networks",0,"TOTAL MOT",5,"u",15200,FALSE,FALSE,4233.12,6009618.45,6009618.45,NA,FALSE,TRUE,"Other countries"
2022,6,"2022-06-01",202206,6,TRUE,"M","Import",51,"Armenia",156,"CHN","China",851713,"Telephone sets; smartphones for cellular or other wireless networks",0,"TOTAL MOT",5,"u",23727,FALSE,FALSE,8756.86,10918741.92,10918741.92,NA,FALSE,TRUE,"Greater China"
2022,6,"2022-06-01",202206,6,TRUE,"M","Import",51,"Armenia",410,"KOR","Rep. of Korea",851713,"Telephone sets; smartphones for cellular or other wireless networks",0,"TOTAL MOT",5,"u",4,FALSE,FALSE,1.08,3374.65,3374.65,NA,FALSE,TRUE,"Other countries"
2022,7,"2022-07-01",202207,6,TRUE,"M","Import",51,"Armenia",156,"CHN","China",851713,"Telephone sets; smartphones for cellular or other wireless networks",0,"TOTAL MOT",5,"u",45596,FALSE,FALSE,14047.34,22018666.64,22018666.64,NA,FALSE,TRUE,"Greater China"
2022,7,"2022-07-01",202207,6,TRUE,"M","Import",51,"Armenia",899,"_X","Areas, nes",851713,"Telephone sets; smartphones for cellular or other wireless networks",0,"TOTAL MOT",5,"u",185,FALSE,FALSE,55.35,27125,27125,NA,FALSE,TRUE,"Other countries"
2022,7,"2022-07-01",202207,6,TRUE,"X","Export",51,"Armenia",203,"CZE","Czechia",851713,"Telephone sets; smartphones for cellular or other wireless networks",0,"TOTAL MOT",5,"u",16,FALSE,FALSE,3.2,8433.67,NA,8433.67,FALSE,TRUE,"Other countries"
2022,7,"2022-07-01",202207,6,TRUE,"M","Import",51,"Armenia",417,"KGZ","Kyrgyzstan",851713,"Telephone sets; smartphones for cellular or other wireless networks",0,"TOTAL MOT",5,"u",592,FALSE,FALSE,241,49857.82,49857.82,NA,FALSE,TRUE,"EAEU"
2022,7,"2022-07-01",202207,6,TRUE,"M","Import",51,"Armenia",643,"RUS","Russian Federation",851713,"Telephone sets; smartphones for cellular or other wireless networks",0,"TOTAL MOT",5,"u",9,FALSE,FALSE,5.3,1555.15,1555.15,NA,FALSE,TRUE,"EAEU"
2022,7,"2022-07-01",202207,6,TRUE,"M","Import",51,"Armenia",704,"VNM","Viet Nam",851713,"Telephone sets; smartphones for cellular or other wireless networks",0,"TOTAL MOT",5,"u",43402,FALSE,FALSE,12260.75,12854037.65,12854037.65,NA,FALSE,TRUE,"Other countries"
2022,7,"2022-07-01",202207,6,TRUE,"M","Import",51,"Armenia",410,"KOR","Rep. of Korea",851713,"Telephone sets; smartphones for cellular or other wireless networks",0,"TOTAL MOT",5,"u",25,FALSE,FALSE,9,17170.22,17170.22,NA,FALSE,TRUE,"Other countries"
2022,7,"2022-07-01",202207,6,TRUE,"X","Export",51,"Armenia",344,"HKG","China, Hong Kong SAR",851713,"Telephone sets; smartphones for cellular or other wireless networks",0,"TOTAL MOT",5,"u",266,FALSE,FALSE,117.88,34928.5,NA,34928.5,FALSE,TRUE,"Other countries"
2022,7,"2022-07-01",202207,6,TRUE,"X","Export",51,"Armenia",643,"RUS","Russian Federation",851713,"Telephone sets; smartphones for cellular or other wireless networks",0,"TOTAL MOT",5,"u",49555,FALSE,FALSE,352057,29873900.67,NA,29873900.67,FALSE,TRUE,"EAEU"
2022,7,"2022-07-01",202207,6,TRUE,"M","Import",51,"Armenia",764,"THA","Thailand",851713,"Telephone sets; smartphones for cellular or other wireless networks",0,"TOTAL MOT",5,"u",2,FALSE,FALSE,0.6,992,992,NA,FALSE,TRUE,"Other countries"
2022,7,"2022-07-01",202207,6,TRUE,"M","Import",51,"Armenia",458,"MYS","Malaysia",851713,"Telephone sets; smartphones for cellular or other wireless networks",0,"TOTAL MOT",5,"u",40,FALSE,FALSE,7.8,5266.4,5266.4,NA,FALSE,TRUE,"Other countries"
2022,7,"2022-07-01",202207,6,TRUE,"M","Import",51,"Armenia",699,"IND","India",851713,"Telephone sets; smartphones for cellular or other wireless networks",0,"TOTAL MOT",5,"u",5155,FALSE,FALSE,1564.16,1034535.5,1034535.5,NA,FALSE,TRUE,"Other countries"
2022,7,"2022-07-01",202207,6,TRUE,"X","Export",51,"Armenia",112,"BLR","Belarus",851713,"Telephone sets; smartphones for cellular or other wireless networks",0,"TOTAL MOT",5,"u",7688,FALSE,FALSE,1466.16,2488098.84,NA,2488098.84,FALSE,TRUE,"EAEU"
2022,8,"2022-08-01",202208,6,TRUE,"M","Import",51,"Armenia",704,"VNM","Viet Nam",851713,"Telephone sets; smartphones for cellular or other wireless networks",0,"TOTAL MOT",5,"u",64157,FALSE,FALSE,14824.83,26780730.4,26780730.4,NA,FALSE,TRUE,"Other countries"
2022,8,"2022-08-01",202208,6,TRUE,"X","Export",51,"Armenia",203,"CZE","Czechia",851713,"Telephone sets; smartphones for cellular or other wireless networks",0,"TOTAL MOT",5,"u",3,FALSE,FALSE,0.6,1617.91,NA,1617.91,FALSE,TRUE,"Other countries"
2022,8,"2022-08-01",202208,6,TRUE,"M","Import",51,"Armenia",417,"KGZ","Kyrgyzstan",851713,"Telephone sets; smartphones for cellular or other wireless networks",0,"TOTAL MOT",5,"u",262,FALSE,FALSE,102,21909.85,21909.85,NA,FALSE,TRUE,"EAEU"
2022,8,"2022-08-01",202208,6,TRUE,"X","Export",51,"Armenia",112,"BLR","Belarus",851713,"Telephone sets; smartphones for cellular or other wireless networks",0,"TOTAL MOT",5,"u",8943,FALSE,FALSE,1846.46,2513127.79,NA,2513127.79,FALSE,TRUE,"EAEU"
2022,8,"2022-08-01",202208,6,TRUE,"M","Import",51,"Armenia",764,"THA","Thailand",851713,"Telephone sets; smartphones for cellular or other wireless networks",0,"TOTAL MOT",5,"u",7,FALSE,FALSE,2.1,3483.34,3483.34,NA,FALSE,TRUE,"Other countries"
2022,8,"2022-08-01",202208,6,TRUE,"X","Export",51,"Armenia",643,"RUS","Russian Federation",851713,"Telephone sets; smartphones for cellular or other wireless networks",0,"TOTAL MOT",5,"u",78949,FALSE,FALSE,21196.4,45416623.36,NA,45416623.36,FALSE,TRUE,"EAEU"
2022,8,"2022-08-01",202208,6,TRUE,"M","Import",51,"Armenia",699,"IND","India",851713,"Telephone sets; smartphones for cellular or other wireless networks",0,"TOTAL MOT",5,"u",36737,FALSE,FALSE,8826.45,11982179.04,11982179.04,NA,FALSE,TRUE,"Other countries"
2022,8,"2022-08-01",202208,6,TRUE,"M","Import",51,"Armenia",156,"CHN","China",851713,"Telephone sets; smartphones for cellular or other wireless networks",0,"TOTAL MOT",5,"u",61740,FALSE,FALSE,20703.7,28854683.66,28854683.66,NA,FALSE,TRUE,"Greater China"
2022,8,"2022-08-01",202208,6,TRUE,"X","Export",51,"Armenia",276,"DEU","Germany",851713,"Telephone sets; smartphones for cellular or other wireless networks",0,"TOTAL MOT",5,"u",8,FALSE,FALSE,4.8,1058.52,NA,1058.52,FALSE,TRUE,"EU"
2022,8,"2022-08-01",202208,6,TRUE,"M","Import",51,"Armenia",458,"MYS","Malaysia",851713,"Telephone sets; smartphones for cellular or other wireless networks",0,"TOTAL MOT",5,"u",317,FALSE,FALSE,91.35,77739.22,77739.22,NA,FALSE,TRUE,"Other countries"
2022,8,"2022-08-01",202208,6,TRUE,"M","Import",51,"Armenia",410,"KOR","Rep. of Korea",851713,"Telephone sets; smartphones for cellular or other wireless networks",0,"TOTAL MOT",5,"u",4993,FALSE,FALSE,557.757,4868971.55,4868971.55,NA,FALSE,TRUE,"Other countries"
2022,9,"2022-09-01",202209,6,TRUE,"X","Export",51,"Armenia",842,"USA","USA",851713,"Telephone sets; smartphones for cellular or other wireless networks",0,"TOTAL MOT",5,"u",10,FALSE,FALSE,4.2,2200,NA,2200,FALSE,TRUE,"Other countries"
2022,9,"2022-09-01",202209,6,TRUE,"M","Import",51,"Armenia",704,"VNM","Viet Nam",851713,"Telephone sets; smartphones for cellular or other wireless networks",0,"TOTAL MOT",5,"u",76285,FALSE,FALSE,18095.93,32984744.47,32984744.47,NA,FALSE,TRUE,"Other countries"
2022,9,"2022-09-01",202209,6,TRUE,"M","Import",51,"Armenia",458,"MYS","Malaysia",851713,"Telephone sets; smartphones for cellular or other wireless networks",0,"TOTAL MOT",5,"u",138,FALSE,FALSE,28.66,20276.32,20276.32,NA,FALSE,TRUE,"Other countries"
2022,9,"2022-09-01",202209,6,TRUE,"X","Export",51,"Armenia",112,"BLR","Belarus",851713,"Telephone sets; smartphones for cellular or other wireless networks",0,"TOTAL MOT",5,"u",12034,FALSE,FALSE,2864.8,4397411.28,NA,4397411.28,FALSE,TRUE,"EAEU"
2022,9,"2022-09-01",202209,6,TRUE,"X","Export",51,"Armenia",203,"CZE","Czechia",851713,"Telephone sets; smartphones for cellular or other wireless networks",0,"TOTAL MOT",5,"u",33,FALSE,FALSE,6.6,19169.59,NA,19169.59,FALSE,TRUE,"Other countries"
2022,9,"2022-09-01",202209,6,TRUE,"X","Export",51,"Armenia",643,"RUS","Russian Federation",851713,"Telephone sets; smartphones for cellular or other wireless networks",0,"TOTAL MOT",5,"u",147994,FALSE,FALSE,38160.59,72258134.82,NA,72258134.82,FALSE,TRUE,"EAEU"
2022,9,"2022-09-01",202209,6,TRUE,"M","Import",51,"Armenia",156,"CHN","China",851713,"Telephone sets; smartphones for cellular or other wireless networks",0,"TOTAL MOT",5,"u",90992,FALSE,FALSE,24643.82,24059800.4,24059800.4,NA,FALSE,TRUE,"Greater China"
2022,9,"2022-09-01",202209,6,TRUE,"M","Import",51,"Armenia",417,"KGZ","Kyrgyzstan",851713,"Telephone sets; smartphones for cellular or other wireless networks",0,"TOTAL MOT",5,"u",282,FALSE,FALSE,99,24229.85,24229.85,NA,FALSE,TRUE,"EAEU"
2022,9,"2022-09-01",202209,6,TRUE,"M","Import",51,"Armenia",699,"IND","India",851713,"Telephone sets; smartphones for cellular or other wireless networks",0,"TOTAL MOT",5,"u",53923,FALSE,FALSE,8305.86,15279786.4,15279786.4,NA,FALSE,TRUE,"Other countries"
2022,9,"2022-09-01",202209,6,TRUE,"M","Import",51,"Armenia",410,"KOR","Rep. of Korea",851713,"Telephone sets; smartphones for cellular or other wireless networks",0,"TOTAL MOT",5,"u",133,FALSE,FALSE,20.149,128791.35,128791.35,NA,FALSE,TRUE,"Other countries"
2022,9,"2022-09-01",202209,6,TRUE,"M","Import",51,"Armenia",360,"IDN","Indonesia",851713,"Telephone sets; smartphones for cellular or other wireless networks",0,"TOTAL MOT",5,"u",4,FALSE,FALSE,1.2,2841.93,2841.93,NA,FALSE,TRUE,"Other countries"
2022,10,"2022-10-01",202210,6,TRUE,"M","Import",51,"Armenia",417,"KGZ","Kyrgyzstan",851713,"Telephone sets; smartphones for cellular or other wireless networks",0,"TOTAL MOT",5,"u",463,FALSE,FALSE,175,39307.68,39307.68,NA,FALSE,TRUE,"EAEU"
2022,10,"2022-10-01",202210,6,TRUE,"M","Import",51,"Armenia",458,"MYS","Malaysia",851713,"Telephone sets; smartphones for cellular or other wireless networks",0,"TOTAL MOT",5,"u",75,FALSE,FALSE,21.23,14478.8,14478.8,NA,FALSE,TRUE,"Other countries"
2022,10,"2022-10-01",202210,6,TRUE,"X","Export",51,"Armenia",112,"BLR","Belarus",851713,"Telephone sets; smartphones for cellular or other wireless networks",0,"TOTAL MOT",5,"u",1375,FALSE,FALSE,305.1,277636.98,NA,277636.98,FALSE,TRUE,"EAEU"
2022,10,"2022-10-01",202210,6,TRUE,"M","Import",51,"Armenia",699,"IND","India",851713,"Telephone sets; smartphones for cellular or other wireless networks",0,"TOTAL MOT",5,"u",59437,FALSE,FALSE,7376.12,14947627.57,14947627.57,NA,FALSE,TRUE,"Other countries"
2022,10,"2022-10-01",202210,6,TRUE,"M","Import",51,"Armenia",704,"VNM","Viet Nam",851713,"Telephone sets; smartphones for cellular or other wireless networks",0,"TOTAL MOT",5,"u",23607,FALSE,FALSE,3750.8,9356199.37,9356199.37,NA,FALSE,TRUE,"Other countries"
2022,10,"2022-10-01",202210,6,TRUE,"M","Import",51,"Armenia",410,"KOR","Rep. of Korea",851713,"Telephone sets; smartphones for cellular or other wireless networks",0,"TOTAL MOT",5,"u",520,FALSE,FALSE,192.92,360998.38,360998.38,NA,FALSE,TRUE,"Other countries"
2022,10,"2022-10-01",202210,6,TRUE,"M","Import",51,"Armenia",392,"JPN","Japan",851713,"Telephone sets; smartphones for cellular or other wireless networks",0,"TOTAL MOT",5,"u",350,FALSE,FALSE,63,38500,38500,NA,FALSE,TRUE,"Other countries"
2022,10,"2022-10-01",202210,6,TRUE,"M","Import",51,"Armenia",360,"IDN","Indonesia",851713,"Telephone sets; smartphones for cellular or other wireless networks",0,"TOTAL MOT",5,"u",8,FALSE,FALSE,2.4,5218.22,5218.22,NA,FALSE,TRUE,"Other countries"
2022,10,"2022-10-01",202210,6,TRUE,"X","Export",51,"Armenia",643,"RUS","Russian Federation",851713,"Telephone sets; smartphones for cellular or other wireless networks",0,"TOTAL MOT",5,"u",66028,FALSE,FALSE,13791.1,29918950.31,NA,29918950.31,FALSE,TRUE,"EAEU"
2022,10,"2022-10-01",202210,6,TRUE,"X","Export",51,"Armenia",203,"CZE","Czechia",851713,"Telephone sets; smartphones for cellular or other wireless networks",0,"TOTAL MOT",5,"u",34,FALSE,FALSE,7.6,23331.85,NA,23331.85,FALSE,TRUE,"Other countries"
2022,10,"2022-10-01",202210,6,TRUE,"M","Import",51,"Armenia",156,"CHN","China",851713,"Telephone sets; smartphones for cellular or other wireless networks",0,"TOTAL MOT",5,"u",53147,FALSE,FALSE,11904.03,19894454.83,19894454.83,NA,FALSE,TRUE,"Greater China"
2022,11,"2022-11-01",202211,6,TRUE,"X","Export",51,"Armenia",643,"RUS","Russian Federation",851713,"Telephone sets; smartphones for cellular or other wireless networks",0,"TOTAL MOT",5,"u",69081,FALSE,FALSE,14117.5,26706623.21,NA,26706623.21,FALSE,TRUE,"EAEU"
2022,11,"2022-11-01",202211,6,TRUE,"M","Import",51,"Armenia",643,"RUS","Russian Federation",851713,"Telephone sets; smartphones for cellular or other wireless networks",0,"TOTAL MOT",5,"u",141,FALSE,FALSE,36.655,14852.95,14852.95,NA,FALSE,TRUE,"EAEU"
2022,11,"2022-11-01",202211,6,TRUE,"M","Import",51,"Armenia",704,"VNM","Viet Nam",851713,"Telephone sets; smartphones for cellular or other wireless networks",0,"TOTAL MOT",5,"u",10283,FALSE,FALSE,2803.84,1853423.68,1853423.68,NA,FALSE,TRUE,"Other countries"
2022,11,"2022-11-01",202211,6,TRUE,"M","Import",51,"Armenia",417,"KGZ","Kyrgyzstan",851713,"Telephone sets; smartphones for cellular or other wireless networks",0,"TOTAL MOT",5,"u",406,FALSE,FALSE,229,46033.32,46033.32,NA,FALSE,TRUE,"EAEU"
2022,11,"2022-11-01",202211,6,TRUE,"X","Export",51,"Armenia",203,"CZE","Czechia",851713,"Telephone sets; smartphones for cellular or other wireless networks",0,"TOTAL MOT",5,"u",17,FALSE,FALSE,3.4,9708.6,NA,9708.6,FALSE,TRUE,"Other countries"
2022,11,"2022-11-01",202211,6,TRUE,"M","Import",51,"Armenia",764,"THA","Thailand",851713,"Telephone sets; smartphones for cellular or other wireless networks",0,"TOTAL MOT",5,"u",20,FALSE,FALSE,3.4,233,233,NA,FALSE,TRUE,"Other countries"
2022,11,"2022-11-01",202211,6,TRUE,"M","Import",51,"Armenia",842,"USA","USA",851713,"Telephone sets; smartphones for cellular or other wireless networks",0,"TOTAL MOT",5,"u",17,FALSE,FALSE,3,3157.55,3157.55,NA,FALSE,TRUE,"Other countries"
2022,11,"2022-11-01",202211,6,TRUE,"M","Import",51,"Armenia",699,"IND","India",851713,"Telephone sets; smartphones for cellular or other wireless networks",0,"TOTAL MOT",5,"u",4868,FALSE,FALSE,1537.41,1800886.45,1800886.45,NA,FALSE,TRUE,"Other countries"
2022,11,"2022-11-01",202211,6,TRUE,"M","Import",51,"Armenia",410,"KOR","Rep. of Korea",851713,"Telephone sets; smartphones for cellular or other wireless networks",0,"TOTAL MOT",5,"u",134,FALSE,FALSE,33.6,27467.08,27467.08,NA,FALSE,TRUE,"Other countries"
2022,11,"2022-11-01",202211,6,TRUE,"M","Import",51,"Armenia",899,"_X","Areas, nes",851713,"Telephone sets; smartphones for cellular or other wireless networks",0,"TOTAL MOT",5,"u",18,FALSE,FALSE,93.6,21908.39,21908.39,NA,FALSE,TRUE,"Other countries"
2022,11,"2022-11-01",202211,6,TRUE,"X","Export",51,"Armenia",112,"BLR","Belarus",851713,"Telephone sets; smartphones for cellular or other wireless networks",0,"TOTAL MOT",5,"u",15921,FALSE,FALSE,3156.8,5103362.21,NA,5103362.21,FALSE,TRUE,"EAEU"
2022,11,"2022-11-01",202211,6,TRUE,"M","Import",51,"Armenia",156,"CHN","China",851713,"Telephone sets; smartphones for cellular or other wireless networks",0,"TOTAL MOT",5,"u",34459,FALSE,FALSE,12240.24,12829527.64,12829527.64,NA,FALSE,TRUE,"Greater China"
2022,11,"2022-11-01",202211,6,TRUE,"M","Import",51,"Armenia",360,"IDN","Indonesia",851713,"Telephone sets; smartphones for cellular or other wireless networks",0,"TOTAL MOT",5,"u",40,FALSE,FALSE,8.21,4536.8,4536.8,NA,FALSE,TRUE,"Other countries"
2022,11,"2022-11-01",202211,6,TRUE,"M","Import",51,"Armenia",458,"MYS","Malaysia",851713,"Telephone sets; smartphones for cellular or other wireless networks",0,"TOTAL MOT",5,"u",100,FALSE,FALSE,22.7,28123.48,28123.48,NA,FALSE,TRUE,"Other countries"
2022,12,"2022-12-01",202212,6,TRUE,"X","Export",51,"Armenia",344,"HKG","China, Hong Kong SAR",851713,"Telephone sets; smartphones for cellular or other wireless networks",0,"TOTAL MOT",5,"u",153,FALSE,FALSE,66.7,21319.88,NA,21319.88,FALSE,TRUE,"Other countries"
2022,12,"2022-12-01",202212,6,TRUE,"M","Import",51,"Armenia",458,"MYS","Malaysia",851713,"Telephone sets; smartphones for cellular or other wireless networks",0,"TOTAL MOT",5,"u",43,FALSE,FALSE,9.1,9437.14,9437.14,NA,FALSE,TRUE,"Other countries"
2022,12,"2022-12-01",202212,6,TRUE,"M","Import",51,"Armenia",704,"VNM","Viet Nam",851713,"Telephone sets; smartphones for cellular or other wireless networks",0,"TOTAL MOT",5,"u",19967,FALSE,FALSE,4700.8,4485856.96,4485856.96,NA,FALSE,TRUE,"Other countries"
2022,12,"2022-12-01",202212,6,TRUE,"M","Import",51,"Armenia",764,"THA","Thailand",851713,"Telephone sets; smartphones for cellular or other wireless networks",0,"TOTAL MOT",5,"u",5,FALSE,FALSE,2,6000,6000,NA,FALSE,TRUE,"Other countries"
2022,12,"2022-12-01",202212,6,TRUE,"M","Import",51,"Armenia",417,"KGZ","Kyrgyzstan",851713,"Telephone sets; smartphones for cellular or other wireless networks",0,"TOTAL MOT",5,"u",477,FALSE,FALSE,185,37151.21,37151.21,NA,FALSE,TRUE,"EAEU"
2022,12,"2022-12-01",202212,6,TRUE,"M","Import",51,"Armenia",410,"KOR","Rep. of Korea",851713,"Telephone sets; smartphones for cellular or other wireless networks",0,"TOTAL MOT",5,"u",322,FALSE,FALSE,69.082,220332.67,220332.67,NA,FALSE,TRUE,"Other countries"
2022,12,"2022-12-01",202212,6,TRUE,"M","Import",51,"Armenia",156,"CHN","China",851713,"Telephone sets; smartphones for cellular or other wireless networks",0,"TOTAL MOT",5,"u",35444,FALSE,FALSE,11585.96,12218994.58,12218994.58,NA,FALSE,TRUE,"Greater China"
2022,12,"2022-12-01",202212,6,TRUE,"X","Export",51,"Armenia",643,"RUS","Russian Federation",851713,"Telephone sets; smartphones for cellular or other wireless networks",0,"TOTAL MOT",5,"u",4190,FALSE,FALSE,1530.39,2797775.13,NA,2797775.13,FALSE,TRUE,"EAEU"
2022,12,"2022-12-01",202212,6,TRUE,"M","Import",51,"Armenia",643,"RUS","Russian Federation",851713,"Telephone sets; smartphones for cellular or other wireless networks",0,"TOTAL MOT",5,"u",541,FALSE,FALSE,143.717,48242.55,48242.55,NA,FALSE,TRUE,"EAEU"
2022,12,"2022-12-01",202212,6,TRUE,"M","Import",51,"Armenia",699,"IND","India",851713,"Telephone sets; smartphones for cellular or other wireless networks",0,"TOTAL MOT",5,"u",11482,FALSE,FALSE,3636.16,4268389.64,4268389.64,NA,FALSE,TRUE,"Other countries"
2022,12,"2022-12-01",202212,6,TRUE,"X","Export",51,"Armenia",203,"CZE","Czechia",851713,"Telephone sets; smartphones for cellular or other wireless networks",0,"TOTAL MOT",5,"u",26,FALSE,FALSE,5.2,13984.05,NA,13984.05,FALSE,TRUE,"Other countries"
2022,12,"2022-12-01",202212,6,TRUE,"X","Export",51,"Armenia",112,"BLR","Belarus",851713,"Telephone sets; smartphones for cellular or other wireless networks",0,"TOTAL MOT",5,"u",8006,FALSE,FALSE,1543.58,2918080.21,NA,2918080.21,FALSE,TRUE,"EAEU"
2023,1,"2023-01-01",202301,6,TRUE,"X","Export",51,"Armenia",112,"BLR","Belarus",851713,"Telephone sets; smartphones for cellular or other wireless networks",0,"TOTAL MOT",5,"u",10978,FALSE,FALSE,2087.79,2517183.74,NA,2517183.74,FALSE,TRUE,"EAEU"
2023,1,"2023-01-01",202301,6,TRUE,"X","Export",51,"Armenia",203,"CZE","Czechia",851713,"Telephone sets; smartphones for cellular or other wireless networks",0,"TOTAL MOT",5,"u",11,FALSE,FALSE,2.2,5865.32,NA,5865.32,FALSE,TRUE,"Other countries"
2023,1,"2023-01-01",202301,6,TRUE,"X","Export",51,"Armenia",842,"USA","USA",851713,"Telephone sets; smartphones for cellular or other wireless networks",0,"TOTAL MOT",5,"u",1,FALSE,FALSE,0.2,1648,NA,1648,FALSE,TRUE,"Other countries"
2023,1,"2023-01-01",202301,6,TRUE,"X","Export",51,"Armenia",643,"RUS","Russian Federation",851713,"Telephone sets; smartphones for cellular or other wireless networks",0,"TOTAL MOT",5,"u",7322,FALSE,FALSE,2251.17,6962586.26,NA,6962586.26,FALSE,TRUE,"EAEU"
2023,1,"2023-01-01",202301,6,TRUE,"M","Import",51,"Armenia",699,"IND","India",851713,"Telephone sets; smartphones for cellular or other wireless networks",0,"TOTAL MOT",5,"u",8454,FALSE,FALSE,2773.39,33523708.53,33523708.53,NA,FALSE,TRUE,"Other countries"
2023,1,"2023-01-01",202301,6,TRUE,"M","Import",51,"Armenia",528,"NLD","Netherlands",851713,"Telephone sets; smartphones for cellular or other wireless networks",0,"TOTAL MOT",5,"u",23,FALSE,FALSE,5.01,1095.27,1095.27,NA,FALSE,TRUE,"EU"
2023,1,"2023-01-01",202301,6,TRUE,"M","Import",51,"Armenia",417,"KGZ","Kyrgyzstan",851713,"Telephone sets; smartphones for cellular or other wireless networks",0,"TOTAL MOT",5,"u",230,FALSE,FALSE,104,18099.96,18099.96,NA,FALSE,TRUE,"EAEU"
2023,1,"2023-01-01",202301,6,TRUE,"M","Import",51,"Armenia",643,"RUS","Russian Federation",851713,"Telephone sets; smartphones for cellular or other wireless networks",0,"TOTAL MOT",5,"u",2304,FALSE,FALSE,575.838,184069.89,184069.89,NA,FALSE,TRUE,"EAEU"
2023,1,"2023-01-01",202301,6,TRUE,"M","Import",51,"Armenia",360,"IDN","Indonesia",851713,"Telephone sets; smartphones for cellular or other wireless networks",0,"TOTAL MOT",5,"u",15,FALSE,FALSE,3.05,1563,1563,NA,FALSE,TRUE,"Other countries"
2023,1,"2023-01-01",202301,6,TRUE,"M","Import",51,"Armenia",704,"VNM","Viet Nam",851713,"Telephone sets; smartphones for cellular or other wireless networks",0,"TOTAL MOT",5,"u",603,FALSE,FALSE,157.58,298790.71,298790.71,NA,FALSE,TRUE,"Other countries"
2023,1,"2023-01-01",202301,6,TRUE,"M","Import",51,"Armenia",616,"POL","Poland",851713,"Telephone sets; smartphones for cellular or other wireless networks",0,"TOTAL MOT",5,"u",15,FALSE,FALSE,4,2272.83,2272.83,NA,FALSE,TRUE,"EU"
2023,1,"2023-01-01",202301,6,TRUE,"M","Import",51,"Armenia",410,"KOR","Rep. of Korea",851713,"Telephone sets; smartphones for cellular or other wireless networks",0,"TOTAL MOT",5,"u",80,FALSE,FALSE,22.4,10640,10640,NA,FALSE,TRUE,"Other countries"
2023,1,"2023-01-01",202301,6,TRUE,"M","Import",51,"Armenia",156,"CHN","China",851713,"Telephone sets; smartphones for cellular or other wireless networks",0,"TOTAL MOT",5,"u",15185,FALSE,FALSE,5062.47,10646294.16,10646294.16,NA,FALSE,TRUE,"Greater China"
2023,2,"2023-02-01",202302,6,TRUE,"M","Import",51,"Armenia",699,"IND","India",851713,"Telephone sets; smartphones for cellular or other wireless networks",0,"TOTAL MOT",5,"u",3023,FALSE,FALSE,916.28,942695.39,942695.39,NA,FALSE,TRUE,"Other countries"
2023,2,"2023-02-01",202302,6,TRUE,"X","Export",51,"Armenia",643,"RUS","Russian Federation",851713,"Telephone sets; smartphones for cellular or other wireless networks",0,"TOTAL MOT",5,"u",52690,FALSE,FALSE,16324.5,44555120.8,NA,44555120.8,FALSE,TRUE,"EAEU"
2023,2,"2023-02-01",202302,6,TRUE,"M","Import",51,"Armenia",704,"VNM","Viet Nam",851713,"Telephone sets; smartphones for cellular or other wireless networks",0,"TOTAL MOT",5,"u",75006,FALSE,FALSE,14944.96,54899437.91,54899437.91,NA,FALSE,TRUE,"Other countries"
2023,2,"2023-02-01",202302,6,TRUE,"M","Import",51,"Armenia",458,"MYS","Malaysia",851713,"Telephone sets; smartphones for cellular or other wireless networks",0,"TOTAL MOT",5,"u",199,FALSE,FALSE,60.28,49608.34,49608.34,NA,FALSE,TRUE,"Other countries"
2023,2,"2023-02-01",202302,6,TRUE,"M","Import",51,"Armenia",417,"KGZ","Kyrgyzstan",851713,"Telephone sets; smartphones for cellular or other wireless networks",0,"TOTAL MOT",5,"u",163,FALSE,FALSE,65,12279.25,12279.25,NA,FALSE,TRUE,"EAEU"
2023,2,"2023-02-01",202302,6,TRUE,"X","Export",51,"Armenia",203,"CZE","Czechia",851713,"Telephone sets; smartphones for cellular or other wireless networks",0,"TOTAL MOT",5,"u",35,FALSE,FALSE,8,19095.56,NA,19095.56,FALSE,TRUE,"Other countries"
2023,2,"2023-02-01",202302,6,TRUE,"M","Import",51,"Armenia",842,"USA","USA",851713,"Telephone sets; smartphones for cellular or other wireless networks",0,"TOTAL MOT",5,"u",1,FALSE,FALSE,0.22,43.24,43.24,NA,FALSE,TRUE,"Other countries"
2023,2,"2023-02-01",202302,6,TRUE,"M","Import",51,"Armenia",899,"_X","Areas, nes",851713,"Telephone sets; smartphones for cellular or other wireless networks",0,"TOTAL MOT",5,"u",26,FALSE,FALSE,9.2,10400.59,10400.59,NA,FALSE,TRUE,"Other countries"
2023,2,"2023-02-01",202302,6,TRUE,"M","Import",51,"Armenia",156,"CHN","China",851713,"Telephone sets; smartphones for cellular or other wireless networks",0,"TOTAL MOT",5,"u",20422,FALSE,FALSE,7300.22,7738877.89,7738877.89,NA,FALSE,TRUE,"Greater China"
2023,2,"2023-02-01",202302,6,TRUE,"M","Import",51,"Armenia",643,"RUS","Russian Federation",851713,"Telephone sets; smartphones for cellular or other wireless networks",0,"TOTAL MOT",5,"u",3200,FALSE,FALSE,832.44,223799.33,223799.33,NA,FALSE,TRUE,"EAEU"
2023,2,"2023-02-01",202302,6,TRUE,"M","Import",51,"Armenia",757,"CHE","Switzerland",851713,"Telephone sets; smartphones for cellular or other wireless networks",0,"TOTAL MOT",5,"u",3,FALSE,FALSE,0.9,22259.39,22259.39,NA,FALSE,TRUE,"Other countries"
2023,2,"2023-02-01",202302,6,TRUE,"M","Import",51,"Armenia",410,"KOR","Rep. of Korea",851713,"Telephone sets; smartphones for cellular or other wireless networks",0,"TOTAL MOT",5,"u",24,FALSE,FALSE,7.8,18627.87,18627.87,NA,FALSE,TRUE,"Other countries"
2023,2,"2023-02-01",202302,6,TRUE,"X","Export",51,"Armenia",112,"BLR","Belarus",851713,"Telephone sets; smartphones for cellular or other wireless networks",0,"TOTAL MOT",5,"u",6264,FALSE,FALSE,1343.91,2563869.25,NA,2563869.25,FALSE,TRUE,"EAEU"
2023,3,"2023-03-01",202303,6,TRUE,"X","Export",51,"Armenia",203,"CZE","Czechia",851713,"Telephone sets; smartphones for cellular or other wireless networks",0,"TOTAL MOT",5,"u",32,FALSE,FALSE,8,15790.82,NA,15790.82,FALSE,TRUE,"Other countries"
2023,3,"2023-03-01",202303,6,TRUE,"X","Export",51,"Armenia",112,"BLR","Belarus",851713,"Telephone sets; smartphones for cellular or other wireless networks",0,"TOTAL MOT",5,"u",5490,FALSE,FALSE,6895.08,2608808.63,NA,2608808.63,FALSE,TRUE,"EAEU"
2023,3,"2023-03-01",202303,6,TRUE,"X","Export",51,"Armenia",643,"RUS","Russian Federation",851713,"Telephone sets; smartphones for cellular or other wireless networks",0,"TOTAL MOT",5,"u",40485,FALSE,FALSE,49630.2,13920350.9,NA,13920350.9,FALSE,TRUE,"EAEU"
2023,3,"2023-03-01",202303,6,TRUE,"M","Import",51,"Armenia",458,"MYS","Malaysia",851713,"Telephone sets; smartphones for cellular or other wireless networks",0,"TOTAL MOT",5,"u",15,FALSE,FALSE,2.9,1875,1875,NA,FALSE,TRUE,"Other countries"
2023,3,"2023-03-01",202303,6,TRUE,"M","Import",51,"Armenia",417,"KGZ","Kyrgyzstan",851713,"Telephone sets; smartphones for cellular or other wireless networks",0,"TOTAL MOT",5,"u",562,FALSE,FALSE,215.5,39519.37,39519.37,NA,FALSE,TRUE,"EAEU"
2023,3,"2023-03-01",202303,6,TRUE,"M","Import",51,"Armenia",704,"VNM","Viet Nam",851713,"Telephone sets; smartphones for cellular or other wireless networks",0,"TOTAL MOT",5,"u",122826,FALSE,FALSE,19059.78,36858253.02,36858253.02,NA,FALSE,TRUE,"Other countries"
2023,3,"2023-03-01",202303,6,TRUE,"M","Import",51,"Armenia",360,"IDN","Indonesia",851713,"Telephone sets; smartphones for cellular or other wireless networks",0,"TOTAL MOT",5,"u",15,FALSE,FALSE,3.1,870,870,NA,FALSE,TRUE,"Other countries"
2023,3,"2023-03-01",202303,6,TRUE,"M","Import",51,"Armenia",899,"_X","Areas, nes",851713,"Telephone sets; smartphones for cellular or other wireless networks",0,"TOTAL MOT",5,"u",88,FALSE,FALSE,11.3,6223.95,6223.95,NA,FALSE,TRUE,"Other countries"
2023,3,"2023-03-01",202303,6,TRUE,"M","Import",51,"Armenia",410,"KOR","Rep. of Korea",851713,"Telephone sets; smartphones for cellular or other wireless networks",0,"TOTAL MOT",5,"u",1310,FALSE,FALSE,495.67,1601867.37,1601867.37,NA,FALSE,TRUE,"Other countries"
2023,3,"2023-03-01",202303,6,TRUE,"M","Import",51,"Armenia",156,"CHN","China",851713,"Telephone sets; smartphones for cellular or other wireless networks",0,"TOTAL MOT",5,"u",18726,FALSE,FALSE,7311.11,6728905.88,6728905.88,NA,FALSE,TRUE,"Greater China"
2023,3,"2023-03-01",202303,6,TRUE,"M","Import",51,"Armenia",643,"RUS","Russian Federation",851713,"Telephone sets; smartphones for cellular or other wireless networks",0,"TOTAL MOT",5,"u",4417,FALSE,FALSE,1119.48,305571.75,305571.75,NA,FALSE,TRUE,"EAEU"
2023,3,"2023-03-01",202303,6,TRUE,"M","Import",51,"Armenia",699,"IND","India",851713,"Telephone sets; smartphones for cellular or other wireless networks",0,"TOTAL MOT",5,"u",664,FALSE,FALSE,235.42,364339.92,364339.92,NA,FALSE,TRUE,"Other countries"
2023,4,"2023-04-01",202304,6,TRUE,"X","Export",51,"Armenia",112,"BLR","Belarus",851713,"Telephone sets; smartphones for cellular or other wireless networks",0,"TOTAL MOT",5,"u",3576,FALSE,FALSE,788.75,1403969.07,NA,1403969.07,FALSE,TRUE,"EAEU"
2023,4,"2023-04-01",202304,6,TRUE,"X","Export",51,"Armenia",203,"CZE","Czechia",851713,"Telephone sets; smartphones for cellular or other wireless networks",0,"TOTAL MOT",5,"u",36,FALSE,FALSE,7.2,20078,NA,20078,FALSE,TRUE,"Other countries"
2023,4,"2023-04-01",202304,6,TRUE,"X","Export",51,"Armenia",643,"RUS","Russian Federation",851713,"Telephone sets; smartphones for cellular or other wireless networks",0,"TOTAL MOT",5,"u",161338,FALSE,FALSE,35737.6,54865486.5,NA,54865486.5,FALSE,TRUE,"EAEU"
2023,4,"2023-04-01",202304,6,TRUE,"M","Import",51,"Armenia",764,"THA","Thailand",851713,"Telephone sets; smartphones for cellular or other wireless networks",0,"TOTAL MOT",5,"u",40,FALSE,FALSE,8.32,4640,4640,NA,FALSE,TRUE,"Other countries"
2023,4,"2023-04-01",202304,6,TRUE,"M","Import",51,"Armenia",899,"_X","Areas, nes",851713,"Telephone sets; smartphones for cellular or other wireless networks",0,"TOTAL MOT",5,"u",4,FALSE,FALSE,0.78,499.75,499.75,NA,FALSE,TRUE,"Other countries"
2023,4,"2023-04-01",202304,6,TRUE,"M","Import",51,"Armenia",458,"MYS","Malaysia",851713,"Telephone sets; smartphones for cellular or other wireless networks",0,"TOTAL MOT",5,"u",70,FALSE,FALSE,20.2,16982.84,16982.84,NA,FALSE,TRUE,"Other countries"
2023,4,"2023-04-01",202304,6,TRUE,"M","Import",51,"Armenia",643,"RUS","Russian Federation",851713,"Telephone sets; smartphones for cellular or other wireless networks",0,"TOTAL MOT",5,"u",3718,FALSE,FALSE,945.43,224018.99,224018.99,NA,FALSE,TRUE,"EAEU"
2023,4,"2023-04-01",202304,6,TRUE,"M","Import",51,"Armenia",699,"IND","India",851713,"Telephone sets; smartphones for cellular or other wireless networks",0,"TOTAL MOT",5,"u",658,FALSE,FALSE,221.67,446136.04,446136.04,NA,FALSE,TRUE,"Other countries"
2023,4,"2023-04-01",202304,6,TRUE,"M","Import",51,"Armenia",704,"VNM","Viet Nam",851713,"Telephone sets; smartphones for cellular or other wireless networks",0,"TOTAL MOT",5,"u",172425,FALSE,FALSE,24498.81,56969358.45,56969358.45,NA,FALSE,TRUE,"Other countries"
2023,4,"2023-04-01",202304,6,TRUE,"M","Import",51,"Armenia",156,"CHN","China",851713,"Telephone sets; smartphones for cellular or other wireless networks",0,"TOTAL MOT",5,"u",6886,FALSE,FALSE,2180.778,5185518.01,5185518.01,NA,FALSE,TRUE,"Greater China"
2023,5,"2023-05-01",202305,6,TRUE,"X","Export",51,"Armenia",112,"BLR","Belarus",851713,"Telephone sets; smartphones for cellular or other wireless networks",0,"TOTAL MOT",5,"u",4636,FALSE,FALSE,1056.13,1988342.6,NA,1988342.6,FALSE,TRUE,"EAEU"
2023,5,"2023-05-01",202305,6,TRUE,"X","Export",51,"Armenia",203,"CZE","Czechia",851713,"Telephone sets; smartphones for cellular or other wireless networks",0,"TOTAL MOT",5,"u",14,FALSE,FALSE,3,8902.53,NA,8902.53,FALSE,TRUE,"Other countries"
2023,5,"2023-05-01",202305,6,TRUE,"X","Export",51,"Armenia",784,"ARE","United Arab Emirates",851713,"Telephone sets; smartphones for cellular or other wireless networks",0,"TOTAL MOT",5,"u",667,FALSE,FALSE,93.52,20907.84,NA,20907.84,FALSE,TRUE,"Middle East"
2023,5,"2023-05-01",202305,6,TRUE,"X","Export",51,"Armenia",643,"RUS","Russian Federation",851713,"Telephone sets; smartphones for cellular or other wireless networks",0,"TOTAL MOT",5,"u",96849,FALSE,FALSE,21404.1,38116838.5,NA,38116838.5,FALSE,TRUE,"EAEU"
2023,5,"2023-05-01",202305,6,TRUE,"M","Import",51,"Armenia",531,"CUW","Curaao",851713,"Telephone sets; smartphones for cellular or other wireless networks",0,"TOTAL MOT",5,"u",84,FALSE,FALSE,25.4,74811.49,74811.49,NA,FALSE,TRUE,"Other countries"
2023,5,"2023-05-01",202305,6,TRUE,"M","Import",51,"Armenia",156,"CHN","China",851713,"Telephone sets; smartphones for cellular or other wireless networks",0,"TOTAL MOT",5,"u",8319,FALSE,FALSE,2459.121,6238835.64,6238835.64,NA,FALSE,TRUE,"Greater China"
2023,5,"2023-05-01",202305,6,TRUE,"M","Import",51,"Armenia",704,"VNM","Viet Nam",851713,"Telephone sets; smartphones for cellular or other wireless networks",0,"TOTAL MOT",5,"u",89293,FALSE,FALSE,12822.02,31208326.44,31208326.44,NA,FALSE,TRUE,"Other countries"
2023,5,"2023-05-01",202305,6,TRUE,"M","Import",51,"Armenia",699,"IND","India",851713,"Telephone sets; smartphones for cellular or other wireless networks",0,"TOTAL MOT",5,"u",2049,FALSE,FALSE,631.57,765877.22,765877.22,NA,FALSE,TRUE,"Other countries"
2023,5,"2023-05-01",202305,6,TRUE,"M","Import",51,"Armenia",458,"MYS","Malaysia",851713,"Telephone sets; smartphones for cellular or other wireless networks",0,"TOTAL MOT",5,"u",54,FALSE,FALSE,10.83,15789.71,15789.71,NA,FALSE,TRUE,"Other countries"
2023,5,"2023-05-01",202305,6,TRUE,"M","Import",51,"Armenia",410,"KOR","Rep. of Korea",851713,"Telephone sets; smartphones for cellular or other wireless networks",0,"TOTAL MOT",5,"u",4,FALSE,FALSE,0.72,1425.16,1425.16,NA,FALSE,TRUE,"Other countries"
2023,5,"2023-05-01",202305,6,TRUE,"M","Import",51,"Armenia",643,"RUS","Russian Federation",851713,"Telephone sets; smartphones for cellular or other wireless networks",0,"TOTAL MOT",5,"u",4209,FALSE,FALSE,1116.82,258778.27,258778.27,NA,FALSE,TRUE,"EAEU"
2023,6,"2023-06-01",202306,6,TRUE,"X","Export",51,"Armenia",643,"RUS","Russian Federation",851713,"Telephone sets; smartphones for cellular or other wireless networks",0,"TOTAL MOT",5,"u",100581,FALSE,FALSE,22007.2,30691495.24,NA,30691495.24,FALSE,TRUE,"EAEU"
2023,6,"2023-06-01",202306,6,TRUE,"X","Export",51,"Armenia",203,"CZE","Czechia",851713,"Telephone sets; smartphones for cellular or other wireless networks",0,"TOTAL MOT",5,"u",25,FALSE,FALSE,7.5,17608.38,NA,17608.38,FALSE,TRUE,"Other countries"
2023,6,"2023-06-01",202306,6,TRUE,"X","Export",51,"Armenia",112,"BLR","Belarus",851713,"Telephone sets; smartphones for cellular or other wireless networks",0,"TOTAL MOT",5,"u",2814,FALSE,FALSE,623.31,940432.5,NA,940432.5,FALSE,TRUE,"EAEU"
2023,6,"2023-06-01",202306,6,TRUE,"X","Export",51,"Armenia",344,"HKG","China, Hong Kong SAR",851713,"Telephone sets; smartphones for cellular or other wireless networks",0,"TOTAL MOT",5,"u",118,FALSE,FALSE,50.12,19863.3,NA,19863.3,FALSE,TRUE,"Other countries"
2023,6,"2023-06-01",202306,6,TRUE,"M","Import",51,"Armenia",531,"CUW","Curaao",851713,"Telephone sets; smartphones for cellular or other wireless networks",0,"TOTAL MOT",5,"u",375,FALSE,FALSE,78.8,77256.5,77256.5,NA,FALSE,TRUE,"Other countries"
2023,6,"2023-06-01",202306,6,TRUE,"M","Import",51,"Armenia",458,"MYS","Malaysia",851713,"Telephone sets; smartphones for cellular or other wireless networks",0,"TOTAL MOT",5,"u",37,FALSE,FALSE,7.79,20709.99,20709.99,NA,FALSE,TRUE,"Other countries"
2023,6,"2023-06-01",202306,6,TRUE,"M","Import",51,"Armenia",156,"CHN","China",851713,"Telephone sets; smartphones for cellular or other wireless networks",0,"TOTAL MOT",5,"u",8063,FALSE,FALSE,4483.2,2597910.61,2597910.61,NA,FALSE,TRUE,"Greater China"
2023,6,"2023-06-01",202306,6,TRUE,"M","Import",51,"Armenia",699,"IND","India",851713,"Telephone sets; smartphones for cellular or other wireless networks",0,"TOTAL MOT",5,"u",3341,FALSE,FALSE,1075.32,2148863.1,2148863.1,NA,FALSE,TRUE,"Other countries"
2023,6,"2023-06-01",202306,6,TRUE,"M","Import",51,"Armenia",704,"VNM","Viet Nam",851713,"Telephone sets; smartphones for cellular or other wireless networks",0,"TOTAL MOT",5,"u",110909,FALSE,FALSE,17966.53,33624692.98,33624692.98,NA,FALSE,TRUE,"Other countries"
2023,6,"2023-06-01",202306,6,TRUE,"M","Import",51,"Armenia",643,"RUS","Russian Federation",851713,"Telephone sets; smartphones for cellular or other wireless networks",0,"TOTAL MOT",5,"u",2725,FALSE,FALSE,1697.763,169975.29,169975.29,NA,FALSE,TRUE,"EAEU"
2023,6,"2023-06-01",202306,6,TRUE,"M","Import",51,"Armenia",417,"KGZ","Kyrgyzstan",851713,"Telephone sets; smartphones for cellular or other wireless networks",0,"TOTAL MOT",5,"u",207,FALSE,FALSE,77.5,13839.31,13839.31,NA,FALSE,TRUE,"EAEU"
2023,7,"2023-07-01",202307,6,TRUE,"X","Export",51,"Armenia",784,"ARE","United Arab Emirates",851713,"Telephone sets; smartphones for cellular or other wireless networks",0,"TOTAL MOT",5,"u",777,FALSE,FALSE,112.76,96670.65,NA,96670.65,FALSE,TRUE,"Middle East"
2023,7,"2023-07-01",202307,6,TRUE,"X","Export",51,"Armenia",203,"CZE","Czechia",851713,"Telephone sets; smartphones for cellular or other wireless networks",0,"TOTAL MOT",5,"u",19,FALSE,FALSE,5.7,12503,NA,12503,FALSE,TRUE,"Other countries"
2023,7,"2023-07-01",202307,6,TRUE,"X","Export",51,"Armenia",112,"BLR","Belarus",851713,"Telephone sets; smartphones for cellular or other wireless networks",0,"TOTAL MOT",5,"u",4560,FALSE,FALSE,1001.06,1312270.02,NA,1312270.02,FALSE,TRUE,"EAEU"
2023,7,"2023-07-01",202307,6,TRUE,"X","Export",51,"Armenia",398,"KAZ","Kazakhstan",851713,"Telephone sets; smartphones for cellular or other wireless networks",0,"TOTAL MOT",5,"u",1,FALSE,FALSE,0.5,1400,NA,1400,FALSE,TRUE,"EAEU"
2023,7,"2023-07-01",202307,6,TRUE,"X","Export",51,"Armenia",643,"RUS","Russian Federation",851713,"Telephone sets; smartphones for cellular or other wireless networks",0,"TOTAL MOT",5,"u",191325,FALSE,FALSE,42711.8,64335880.83,NA,64335880.83,FALSE,TRUE,"EAEU"
2023,7,"2023-07-01",202307,6,TRUE,"M","Import",51,"Armenia",417,"KGZ","Kyrgyzstan",851713,"Telephone sets; smartphones for cellular or other wireless networks",0,"TOTAL MOT",5,"u",435,FALSE,FALSE,166,27601.8,27601.8,NA,FALSE,TRUE,"EAEU"
2023,7,"2023-07-01",202307,6,TRUE,"M","Import",51,"Armenia",458,"MYS","Malaysia",851713,"Telephone sets; smartphones for cellular or other wireless networks",0,"TOTAL MOT",5,"u",169,FALSE,FALSE,33.61,48655.47,48655.47,NA,FALSE,TRUE,"Other countries"
2023,7,"2023-07-01",202307,6,TRUE,"M","Import",51,"Armenia",704,"VNM","Viet Nam",851713,"Telephone sets; smartphones for cellular or other wireless networks",0,"TOTAL MOT",5,"u",127716,FALSE,FALSE,22758.204,43337899.11,43337899.11,NA,FALSE,TRUE,"Other countries"
2023,7,"2023-07-01",202307,6,TRUE,"M","Import",51,"Armenia",699,"IND","India",851713,"Telephone sets; smartphones for cellular or other wireless networks",0,"TOTAL MOT",5,"u",1661,FALSE,FALSE,516.58,1201791.99,1201791.99,NA,FALSE,TRUE,"Other countries"
2023,7,"2023-07-01",202307,6,TRUE,"M","Import",51,"Armenia",531,"CUW","Curaao",851713,"Telephone sets; smartphones for cellular or other wireless networks",0,"TOTAL MOT",5,"u",18,FALSE,FALSE,5.4,15182.26,15182.26,NA,FALSE,TRUE,"Other countries"
2023,7,"2023-07-01",202307,6,TRUE,"M","Import",51,"Armenia",643,"RUS","Russian Federation",851713,"Telephone sets; smartphones for cellular or other wireless networks",0,"TOTAL MOT",5,"u",4453,FALSE,FALSE,2923.46,474544.72,474544.72,NA,FALSE,TRUE,"EAEU"
2023,7,"2023-07-01",202307,6,TRUE,"M","Import",51,"Armenia",156,"CHN","China",851713,"Telephone sets; smartphones for cellular or other wireless networks",0,"TOTAL MOT",5,"u",9356,FALSE,FALSE,3127.565,5283030.82,5283030.82,NA,FALSE,TRUE,"Greater China"
2023,7,"2023-07-01",202307,6,TRUE,"M","Import",51,"Armenia",408,"PRK","Dem. People's Rep. of Korea",851713,"Telephone sets; smartphones for cellular or other wireless networks",0,"TOTAL MOT",5,"u",2,FALSE,FALSE,0.4,41.52,41.52,NA,FALSE,TRUE,"Other countries"
2023,7,"2023-07-01",202307,6,TRUE,"M","Import",51,"Armenia",818,"EGY","Egypt",851713,"Telephone sets; smartphones for cellular or other wireless networks",0,"TOTAL MOT",5,"u",2,FALSE,FALSE,0.66,203.4,203.4,NA,FALSE,TRUE,"Middle East"
2023,7,"2023-07-01",202307,6,TRUE,"M","Import",51,"Armenia",392,"JPN","Japan",851713,"Telephone sets; smartphones for cellular or other wireless networks",0,"TOTAL MOT",5,"u",1,FALSE,FALSE,0.1,69.13,69.13,NA,FALSE,TRUE,"Other countries"
2023,8,"2023-08-01",202308,6,TRUE,"X","Export",51,"Armenia",203,"CZE","Czechia",851713,"Telephone sets; smartphones for cellular or other wireless networks",0,"TOTAL MOT",5,"u",61,FALSE,FALSE,17.1,52872.3,NA,52872.3,FALSE,TRUE,"Other countries"
2023,8,"2023-08-01",202308,6,TRUE,"X","Export",51,"Armenia",112,"BLR","Belarus",851713,"Telephone sets; smartphones for cellular or other wireless networks",0,"TOTAL MOT",5,"u",9538,FALSE,FALSE,2049.35,3197438.41,NA,3197438.41,FALSE,TRUE,"EAEU"
2023,8,"2023-08-01",202308,6,TRUE,"X","Export",51,"Armenia",860,"UZB","Uzbekistan",851713,"Telephone sets; smartphones for cellular or other wireless networks",0,"TOTAL MOT",5,"u",1,FALSE,FALSE,0.4,1400,NA,1400,FALSE,TRUE,"Other countries"
2023,8,"2023-08-01",202308,6,TRUE,"X","Export",51,"Armenia",643,"RUS","Russian Federation",851713,"Telephone sets; smartphones for cellular or other wireless networks",0,"TOTAL MOT",5,"u",149476,FALSE,FALSE,31784.7,45966853.39,NA,45966853.39,FALSE,TRUE,"EAEU"
2023,8,"2023-08-01",202308,6,TRUE,"M","Import",51,"Armenia",458,"MYS","Malaysia",851713,"Telephone sets; smartphones for cellular or other wireless networks",0,"TOTAL MOT",5,"u",244,FALSE,FALSE,52.57,48274.16,48274.16,NA,FALSE,TRUE,"Other countries"
2023,8,"2023-08-01",202308,6,TRUE,"M","Import",51,"Armenia",704,"VNM","Viet Nam",851713,"Telephone sets; smartphones for cellular or other wireless networks",0,"TOTAL MOT",5,"u",190099,FALSE,FALSE,35571.184,59609495.27,59609495.27,NA,FALSE,TRUE,"Other countries"
2023,8,"2023-08-01",202308,6,TRUE,"M","Import",51,"Armenia",699,"IND","India",851713,"Telephone sets; smartphones for cellular or other wireless networks",0,"TOTAL MOT",5,"u",1483,FALSE,FALSE,434.03,822147.65,822147.65,NA,FALSE,TRUE,"Other countries"
2023,8,"2023-08-01",202308,6,TRUE,"M","Import",51,"Armenia",531,"CUW","Curaao",851713,"Telephone sets; smartphones for cellular or other wireless networks",0,"TOTAL MOT",5,"u",403,FALSE,FALSE,90.6,49113.1,49113.1,NA,FALSE,TRUE,"Other countries"
2023,8,"2023-08-01",202308,6,TRUE,"M","Import",51,"Armenia",643,"RUS","Russian Federation",851713,"Telephone sets; smartphones for cellular or other wireless networks",0,"TOTAL MOT",5,"u",4311,FALSE,FALSE,1607.54,275721.24,275721.24,NA,FALSE,TRUE,"EAEU"
2023,8,"2023-08-01",202308,6,TRUE,"M","Import",51,"Armenia",156,"CHN","China",851713,"Telephone sets; smartphones for cellular or other wireless networks",0,"TOTAL MOT",5,"u",20947,FALSE,FALSE,7783.816,7262709.35,7262709.35,NA,FALSE,TRUE,"Greater China"
2023,8,"2023-08-01",202308,6,TRUE,"M","Import",51,"Armenia",410,"KOR","Rep. of Korea",851713,"Telephone sets; smartphones for cellular or other wireless networks",0,"TOTAL MOT",5,"u",1,FALSE,FALSE,0.4,248.1,248.1,NA,FALSE,TRUE,"Other countries"
2023,9,"2023-09-01",202309,6,TRUE,"X","Export",51,"Armenia",203,"CZE","Czechia",851713,"Telephone sets; smartphones for cellular or other wireless networks",0,"TOTAL MOT",5,"u",50,FALSE,FALSE,15,34601,NA,34601,FALSE,TRUE,"Other countries"
2023,9,"2023-09-01",202309,6,TRUE,"X","Export",51,"Armenia",860,"UZB","Uzbekistan",851713,"Telephone sets; smartphones for cellular or other wireless networks",0,"TOTAL MOT",5,"u",228,FALSE,FALSE,58,89104.44,NA,89104.44,FALSE,TRUE,"Other countries"
2023,9,"2023-09-01",202309,6,TRUE,"X","Export",51,"Armenia",112,"BLR","Belarus",851713,"Telephone sets; smartphones for cellular or other wireless networks",0,"TOTAL MOT",5,"u",11595,FALSE,FALSE,2584.91,3778126.13,NA,3778126.13,FALSE,TRUE,"EAEU"
2023,9,"2023-09-01",202309,6,TRUE,"X","Export",51,"Armenia",643,"RUS","Russian Federation",851713,"Telephone sets; smartphones for cellular or other wireless networks",0,"TOTAL MOT",5,"u",151294,FALSE,FALSE,32168.266,45092533.89,NA,45092533.89,FALSE,TRUE,"EAEU"
2023,9,"2023-09-01",202309,6,TRUE,"M","Import",51,"Armenia",784,"ARE","United Arab Emirates",851713,"Telephone sets; smartphones for cellular or other wireless networks",0,"TOTAL MOT",5,"u",5,FALSE,FALSE,1,1068.3,1068.3,NA,FALSE,TRUE,"Middle East"
2023,9,"2023-09-01",202309,6,TRUE,"M","Import",51,"Armenia",458,"MYS","Malaysia",851713,"Telephone sets; smartphones for cellular or other wireless networks",0,"TOTAL MOT",5,"u",70,FALSE,FALSE,14.01,15190.6,15190.6,NA,FALSE,TRUE,"Other countries"
2023,9,"2023-09-01",202309,6,TRUE,"M","Import",51,"Armenia",842,"USA","USA",851713,"Telephone sets; smartphones for cellular or other wireless networks",0,"TOTAL MOT",5,"u",35,FALSE,FALSE,6.4,3866.27,3866.27,NA,FALSE,TRUE,"Other countries"
2023,9,"2023-09-01",202309,6,TRUE,"M","Import",51,"Armenia",699,"IND","India",851713,"Telephone sets; smartphones for cellular or other wireless networks",0,"TOTAL MOT",5,"u",359,FALSE,FALSE,78.7,91627.1,91627.1,NA,FALSE,TRUE,"Other countries"
2023,9,"2023-09-01",202309,6,TRUE,"M","Import",51,"Armenia",704,"VNM","Viet Nam",851713,"Telephone sets; smartphones for cellular or other wireless networks",0,"TOTAL MOT",5,"u",160041,FALSE,FALSE,32166.806,47751218.15,47751218.15,NA,FALSE,TRUE,"Other countries"
2023,9,"2023-09-01",202309,6,TRUE,"M","Import",51,"Armenia",531,"CUW","Curaao",851713,"Telephone sets; smartphones for cellular or other wireless networks",0,"TOTAL MOT",5,"u",222,FALSE,FALSE,65.53,90371.84,90371.84,NA,FALSE,TRUE,"Other countries"
2023,9,"2023-09-01",202309,6,TRUE,"M","Import",51,"Armenia",643,"RUS","Russian Federation",851713,"Telephone sets; smartphones for cellular or other wireless networks",0,"TOTAL MOT",5,"u",6421,FALSE,FALSE,1687.551,370433.09,370433.09,NA,FALSE,TRUE,"EAEU"
2023,9,"2023-09-01",202309,6,TRUE,"M","Import",51,"Armenia",156,"CHN","China",851713,"Telephone sets; smartphones for cellular or other wireless networks",0,"TOTAL MOT",5,"u",8614,FALSE,FALSE,3353.905,2778418.19,2778418.19,NA,FALSE,TRUE,"Greater China"
2023,10,"2023-10-01",202310,6,TRUE,"X","Export",51,"Armenia",860,"UZB","Uzbekistan",851713,"Telephone sets; smartphones for cellular or other wireless networks",0,"TOTAL MOT",5,"u",328,FALSE,FALSE,88,161571.73,NA,161571.73,FALSE,TRUE,"Other countries"
2023,10,"2023-10-01",202310,6,TRUE,"X","Export",51,"Armenia",203,"CZE","Czechia",851713,"Telephone sets; smartphones for cellular or other wireless networks",0,"TOTAL MOT",5,"u",33,FALSE,FALSE,7.7,23430,NA,23430,FALSE,TRUE,"Other countries"
2023,10,"2023-10-01",202310,6,TRUE,"X","Export",51,"Armenia",112,"BLR","Belarus",851713,"Telephone sets; smartphones for cellular or other wireless networks",0,"TOTAL MOT",5,"u",15510,FALSE,FALSE,3415.44,5826456.66,NA,5826456.66,FALSE,TRUE,"EAEU"
2023,10,"2023-10-01",202310,6,TRUE,"X","Export",51,"Armenia",643,"RUS","Russian Federation",851713,"Telephone sets; smartphones for cellular or other wireless networks",0,"TOTAL MOT",5,"u",241633,FALSE,FALSE,49883.938,68140766,NA,68140766,FALSE,TRUE,"EAEU"
2023,10,"2023-10-01",202310,6,TRUE,"M","Import",51,"Armenia",458,"MYS","Malaysia",851713,"Telephone sets; smartphones for cellular or other wireless networks",0,"TOTAL MOT",5,"u",122,FALSE,FALSE,24.5,29454.81,29454.81,NA,FALSE,TRUE,"Other countries"
2023,10,"2023-10-01",202310,6,TRUE,"M","Import",51,"Armenia",417,"KGZ","Kyrgyzstan",851713,"Telephone sets; smartphones for cellular or other wireless networks",0,"TOTAL MOT",5,"u",575,FALSE,FALSE,222,45653.27,45653.27,NA,FALSE,TRUE,"EAEU"
2023,10,"2023-10-01",202310,6,TRUE,"M","Import",51,"Armenia",842,"USA","USA",851713,"Telephone sets; smartphones for cellular or other wireless networks",0,"TOTAL MOT",5,"u",15,FALSE,FALSE,2.7,2185.57,2185.57,NA,FALSE,TRUE,"Other countries"
2023,10,"2023-10-01",202310,6,TRUE,"M","Import",51,"Armenia",704,"VNM","Viet Nam",851713,"Telephone sets; smartphones for cellular or other wireless networks",0,"TOTAL MOT",5,"u",269090,FALSE,FALSE,54565.936,73586112.37,73586112.37,NA,FALSE,TRUE,"Other countries"
2023,10,"2023-10-01",202310,6,TRUE,"M","Import",51,"Armenia",699,"IND","India",851713,"Telephone sets; smartphones for cellular or other wireless networks",0,"TOTAL MOT",5,"u",1019,FALSE,FALSE,287.84,490172.65,490172.65,NA,FALSE,TRUE,"Other countries"
2023,10,"2023-10-01",202310,6,TRUE,"M","Import",51,"Armenia",531,"CUW","Curaao",851713,"Telephone sets; smartphones for cellular or other wireless networks",0,"TOTAL MOT",5,"u",2925,FALSE,FALSE,854.05,386682.61,386682.61,NA,FALSE,TRUE,"Other countries"
2023,10,"2023-10-01",202310,6,TRUE,"M","Import",51,"Armenia",643,"RUS","Russian Federation",851713,"Telephone sets; smartphones for cellular or other wireless networks",0,"TOTAL MOT",5,"u",3869,FALSE,FALSE,1558.638,223134.16,223134.16,NA,FALSE,TRUE,"EAEU"
2023,10,"2023-10-01",202310,6,TRUE,"M","Import",51,"Armenia",156,"CHN","China",851713,"Telephone sets; smartphones for cellular or other wireless networks",0,"TOTAL MOT",5,"u",14653,FALSE,FALSE,4886.358,6965980.02,6965980.02,NA,FALSE,TRUE,"Greater China"
2023,11,"2023-11-01",202311,6,TRUE,"X","Export",51,"Armenia",344,"HKG","China, Hong Kong SAR",851713,"Telephone sets; smartphones for cellular or other wireless networks",0,"TOTAL MOT",5,"u",59,FALSE,FALSE,25.22,11820,NA,11820,FALSE,TRUE,"Other countries"
2023,11,"2023-11-01",202311,6,TRUE,"X","Export",51,"Armenia",203,"CZE","Czechia",851713,"Telephone sets; smartphones for cellular or other wireless networks",0,"TOTAL MOT",5,"u",77,FALSE,FALSE,20.9,55345.03,NA,55345.03,FALSE,TRUE,"Other countries"
2023,11,"2023-11-01",202311,6,TRUE,"X","Export",51,"Armenia",860,"UZB","Uzbekistan",851713,"Telephone sets; smartphones for cellular or other wireless networks",0,"TOTAL MOT",5,"u",461,FALSE,FALSE,92,167282.13,NA,167282.13,FALSE,TRUE,"Other countries"
2023,11,"2023-11-01",202311,6,TRUE,"X","Export",51,"Armenia",112,"BLR","Belarus",851713,"Telephone sets; smartphones for cellular or other wireless networks",0,"TOTAL MOT",5,"u",6851,FALSE,FALSE,1402.59,1768703.63,NA,1768703.63,FALSE,TRUE,"EAEU"
2023,11,"2023-11-01",202311,6,TRUE,"X","Export",51,"Armenia",643,"RUS","Russian Federation",851713,"Telephone sets; smartphones for cellular or other wireless networks",0,"TOTAL MOT",5,"u",102446,FALSE,FALSE,20372.259,27166789.06,NA,27166789.06,FALSE,TRUE,"EAEU"
2023,11,"2023-11-01",202311,6,TRUE,"M","Import",51,"Armenia",764,"THA","Thailand",851713,"Telephone sets; smartphones for cellular or other wireless networks",0,"TOTAL MOT",5,"u",34,FALSE,FALSE,8.5,28151.73,28151.73,NA,FALSE,TRUE,"Other countries"
2023,11,"2023-11-01",202311,6,TRUE,"M","Import",51,"Armenia",458,"MYS","Malaysia",851713,"Telephone sets; smartphones for cellular or other wireless networks",0,"TOTAL MOT",5,"u",16,FALSE,FALSE,3.58,9882.6,9882.6,NA,FALSE,TRUE,"Other countries"
2023,11,"2023-11-01",202311,6,TRUE,"M","Import",51,"Armenia",417,"KGZ","Kyrgyzstan",851713,"Telephone sets; smartphones for cellular or other wireless networks",0,"TOTAL MOT",5,"u",289,FALSE,FALSE,110,22854.55,22854.55,NA,FALSE,TRUE,"EAEU"
2023,11,"2023-11-01",202311,6,TRUE,"M","Import",51,"Armenia",704,"VNM","Viet Nam",851713,"Telephone sets; smartphones for cellular or other wireless networks",0,"TOTAL MOT",5,"u",46015,FALSE,FALSE,10605.786,13312037.95,13312037.95,NA,FALSE,TRUE,"Other countries"
2023,11,"2023-11-01",202311,6,TRUE,"M","Import",51,"Armenia",699,"IND","India",851713,"Telephone sets; smartphones for cellular or other wireless networks",0,"TOTAL MOT",5,"u",1024,FALSE,FALSE,280.18,456895.16,456895.16,NA,FALSE,TRUE,"Other countries"
2023,11,"2023-11-01",202311,6,TRUE,"M","Import",51,"Armenia",531,"CUW","Curaao",851713,"Telephone sets; smartphones for cellular or other wireless networks",0,"TOTAL MOT",5,"u",98,FALSE,FALSE,30.85,84332.84,84332.84,NA,FALSE,TRUE,"Other countries"
2023,11,"2023-11-01",202311,6,TRUE,"M","Import",51,"Armenia",643,"RUS","Russian Federation",851713,"Telephone sets; smartphones for cellular or other wireless networks",0,"TOTAL MOT",5,"u",356,FALSE,FALSE,128.393,21818.65,21818.65,NA,FALSE,TRUE,"EAEU"
2023,11,"2023-11-01",202311,6,TRUE,"M","Import",51,"Armenia",156,"CHN","China",851713,"Telephone sets; smartphones for cellular or other wireless networks",0,"TOTAL MOT",5,"u",66455,FALSE,FALSE,16094.21,15363008.98,15363008.98,NA,FALSE,TRUE,"Greater China"
2023,12,"2023-12-01",202312,6,TRUE,"X","Export",51,"Armenia",643,"RUS","Russian Federation",851713,"Telephone sets; smartphones for cellular or other wireless networks",0,"TOTAL MOT",5,"u",70138,FALSE,FALSE,15196.84,22387161.61,NA,22387161.61,FALSE,TRUE,"EAEU"
2023,12,"2023-12-01",202312,6,TRUE,"X","Export",51,"Armenia",784,"ARE","United Arab Emirates",851713,"Telephone sets; smartphones for cellular or other wireless networks",0,"TOTAL MOT",5,"u",44,FALSE,FALSE,13.18,24393.14,NA,24393.14,FALSE,TRUE,"Middle East"
2023,12,"2023-12-01",202312,6,TRUE,"X","Export",51,"Armenia",112,"BLR","Belarus",851713,"Telephone sets; smartphones for cellular or other wireless networks",0,"TOTAL MOT",5,"u",4287,FALSE,FALSE,887.442,980407.85,NA,980407.85,FALSE,TRUE,"EAEU"
2023,12,"2023-12-01",202312,6,TRUE,"X","Export",51,"Armenia",203,"CZE","Czechia",851713,"Telephone sets; smartphones for cellular or other wireless networks",0,"TOTAL MOT",5,"u",73,FALSE,FALSE,22.4,45334,NA,45334,FALSE,TRUE,"Other countries"
2024,1,"2024-01-01",202401,6,TRUE,"X","Export",51,"Armenia",203,"CZE","Czechia",851713,"Telephone sets; smartphones for cellular or other wireless networks",0,"TOTAL MOT",5,"u",39,FALSE,FALSE,11.7,33802,NA,33802,FALSE,TRUE,"Other countries"
2024,1,"2024-01-01",202401,6,TRUE,"X","Export",51,"Armenia",860,"UZB","Uzbekistan",851713,"Telephone sets; smartphones for cellular or other wireless networks",0,"TOTAL MOT",5,"u",614,FALSE,FALSE,155.13,376264.04,NA,376264.04,FALSE,TRUE,"Other countries"
2024,1,"2024-01-01",202401,6,TRUE,"X","Export",51,"Armenia",112,"BLR","Belarus",851713,"Telephone sets; smartphones for cellular or other wireless networks",0,"TOTAL MOT",5,"u",11533,FALSE,FALSE,2923.09,5085855.07,NA,5085855.07,FALSE,TRUE,"EAEU"
2024,1,"2024-01-01",202401,6,TRUE,"X","Export",51,"Armenia",643,"RUS","Russian Federation",851713,"Telephone sets; smartphones for cellular or other wireless networks",0,"TOTAL MOT",5,"u",204583,FALSE,FALSE,52536.8,78840294.41,NA,78840294.41,FALSE,TRUE,"EAEU"
2023,12,"2023-12-01",202312,6,TRUE,"M","Import",51,"Armenia",757,"CHE","Switzerland",851713,"Telephone sets; smartphones for cellular or other wireless networks",0,"TOTAL MOT",5,"u",6,FALSE,FALSE,4,51938.33,51938.33,NA,FALSE,TRUE,"Other countries"
2023,12,"2023-12-01",202312,6,TRUE,"M","Import",51,"Armenia",458,"MYS","Malaysia",851713,"Telephone sets; smartphones for cellular or other wireless networks",0,"TOTAL MOT",5,"u",44,FALSE,FALSE,8.84,10850.53,10850.53,NA,FALSE,TRUE,"Other countries"
2023,12,"2023-12-01",202312,6,TRUE,"M","Import",51,"Armenia",417,"KGZ","Kyrgyzstan",851713,"Telephone sets; smartphones for cellular or other wireless networks",0,"TOTAL MOT",5,"u",485,FALSE,FALSE,180,34968.68,34968.68,NA,FALSE,TRUE,"EAEU"
2023,12,"2023-12-01",202312,6,TRUE,"M","Import",51,"Armenia",699,"IND","India",851713,"Telephone sets; smartphones for cellular or other wireless networks",0,"TOTAL MOT",5,"u",454,FALSE,FALSE,96.53,96614.62,96614.62,NA,FALSE,TRUE,"Other countries"
2023,12,"2023-12-01",202312,6,TRUE,"M","Import",51,"Armenia",704,"VNM","Viet Nam",851713,"Telephone sets; smartphones for cellular or other wireless networks",0,"TOTAL MOT",5,"u",39200,FALSE,FALSE,9547.942,12193603,12193603,NA,FALSE,TRUE,"Other countries"
2023,12,"2023-12-01",202312,6,TRUE,"M","Import",51,"Armenia",531,"CUW","Curaao",851713,"Telephone sets; smartphones for cellular or other wireless networks",0,"TOTAL MOT",5,"u",324,FALSE,FALSE,49.89,35425.15,35425.15,NA,FALSE,TRUE,"Other countries"
2023,12,"2023-12-01",202312,6,TRUE,"M","Import",51,"Armenia",643,"RUS","Russian Federation",851713,"Telephone sets; smartphones for cellular or other wireless networks",0,"TOTAL MOT",5,"u",25,FALSE,FALSE,9.09,1740.45,1740.45,NA,FALSE,TRUE,"EAEU"
2023,12,"2023-12-01",202312,6,TRUE,"M","Import",51,"Armenia",156,"CHN","China",851713,"Telephone sets; smartphones for cellular or other wireless networks",0,"TOTAL MOT",5,"u",66687,FALSE,FALSE,20489.25,36631279.09,36631279.09,NA,FALSE,TRUE,"Greater China"
2024,1,"2024-01-01",202401,6,TRUE,"M","Import",51,"Armenia",458,"MYS","Malaysia",851713,"Telephone sets; smartphones for cellular or other wireless networks",0,"TOTAL MOT",5,"u",2,FALSE,FALSE,0.6,2875.85,2875.85,NA,FALSE,TRUE,"Other countries"
2024,1,"2024-01-01",202401,6,TRUE,"M","Import",51,"Armenia",699,"IND","India",851713,"Telephone sets; smartphones for cellular or other wireless networks",0,"TOTAL MOT",5,"u",176,FALSE,FALSE,39.64,30935.19,30935.19,NA,FALSE,TRUE,"Other countries"
2024,1,"2024-01-01",202401,6,TRUE,"M","Import",51,"Armenia",704,"VNM","Viet Nam",851713,"Telephone sets; smartphones for cellular or other wireless networks",0,"TOTAL MOT",5,"u",341738,FALSE,FALSE,82986.324,126039879.04,126039879.04,NA,FALSE,TRUE,"Other countries"
2024,1,"2024-01-01",202401,6,TRUE,"M","Import",51,"Armenia",531,"CUW","Curaao",851713,"Telephone sets; smartphones for cellular or other wireless networks",0,"TOTAL MOT",5,"u",1009,FALSE,FALSE,282.55,125918.37,125918.37,NA,FALSE,TRUE,"Other countries"
2024,1,"2024-01-01",202401,6,TRUE,"M","Import",51,"Armenia",156,"CHN","China",851713,"Telephone sets; smartphones for cellular or other wireless networks",0,"TOTAL MOT",5,"u",18287,FALSE,FALSE,5316.92,3693689.08,3693689.08,NA,FALSE,TRUE,"Greater China"
2024,2,"2024-02-01",202402,6,TRUE,"X","Export",51,"Armenia",643,"RUS","Russian Federation",851713,"Telephone sets; smartphones for cellular or other wireless networks",0,"TOTAL MOT",5,"u",148618,FALSE,FALSE,37019.59,59460664.24,NA,59460664.24,FALSE,TRUE,"EAEU"
2024,2,"2024-02-01",202402,6,TRUE,"X","Export",51,"Armenia",203,"CZE","Czechia",851713,"Telephone sets; smartphones for cellular or other wireless networks",0,"TOTAL MOT",5,"u",38,FALSE,FALSE,10.95,27375,NA,27375,FALSE,TRUE,"Other countries"
2024,2,"2024-02-01",202402,6,TRUE,"X","Export",51,"Armenia",860,"UZB","Uzbekistan",851713,"Telephone sets; smartphones for cellular or other wireless networks",0,"TOTAL MOT",5,"u",2447,FALSE,FALSE,530.05,631469.87,NA,631469.87,FALSE,TRUE,"Other countries"
2024,2,"2024-02-01",202402,6,TRUE,"X","Export",51,"Armenia",112,"BLR","Belarus",851713,"Telephone sets; smartphones for cellular or other wireless networks",0,"TOTAL MOT",5,"u",8896,FALSE,FALSE,2148.59,3342327.51,NA,3342327.51,FALSE,TRUE,"EAEU"
2024,2,"2024-02-01",202402,6,TRUE,"M","Import",51,"Armenia",699,"IND","India",851713,"Telephone sets; smartphones for cellular or other wireless networks",0,"TOTAL MOT",5,"u",460,FALSE,FALSE,113.98,171035.41,171035.41,NA,FALSE,TRUE,"Other countries"
2024,2,"2024-02-01",202402,6,TRUE,"M","Import",51,"Armenia",704,"VNM","Viet Nam",851713,"Telephone sets; smartphones for cellular or other wireless networks",0,"TOTAL MOT",5,"u",93725,FALSE,FALSE,26355.27,48033944.85,48033944.85,NA,FALSE,TRUE,"Other countries"
2024,2,"2024-02-01",202402,6,TRUE,"M","Import",51,"Armenia",531,"CUW","Curaao",851713,"Telephone sets; smartphones for cellular or other wireless networks",0,"TOTAL MOT",5,"u",225,FALSE,FALSE,36.19,27755.96,27755.96,NA,FALSE,TRUE,"Other countries"
2024,2,"2024-02-01",202402,6,TRUE,"M","Import",51,"Armenia",643,"RUS","Russian Federation",851713,"Telephone sets; smartphones for cellular or other wireless networks",0,"TOTAL MOT",5,"u",47,FALSE,FALSE,17.74,413.23,413.23,NA,FALSE,TRUE,"EAEU"
2024,2,"2024-02-01",202402,6,TRUE,"M","Import",51,"Armenia",156,"CHN","China",851713,"Telephone sets; smartphones for cellular or other wireless networks",0,"TOTAL MOT",5,"u",16757,FALSE,FALSE,5696.752,5024506.36,5024506.36,NA,FALSE,TRUE,"Greater China"
2024,2,"2024-02-01",202402,6,TRUE,"M","Import",51,"Armenia",842,"USA","USA",851713,"Telephone sets; smartphones for cellular or other wireless networks",0,"TOTAL MOT",5,"u",1,FALSE,FALSE,0.9,429,429,NA,FALSE,TRUE,"Other countries"
