"date","year","month","place","n","n_roll12","area"
"2018-01-31",2018,1,"Աջափնյակ",148,1435,"Երևան"
"2018-02-28",2018,2,"Աջափնյակ",114,1456,"Երևան"
"2018-03-31",2018,3,"Աջափնյակ",140,1473,"Երևան"
"2018-04-30",2018,4,"Աջափնյակ",118,1517,"Երևան"
"2018-05-31",2018,5,"Աջափնյակ",136,1539,"Երևան"
"2018-06-30",2018,6,"Աջափնյակ",202,1611,"Երևան"
"2018-07-31",2018,7,"Աջափնյակ",197,1695,"Երևան"
"2018-08-31",2018,8,"Աջափնյակ",181,1768,"Երևան"
"2018-09-30",2018,9,"Աջափնյակ",174,1815,"Երևան"
"2018-10-31",2018,10,"Աջափնյակ",207,1889,"Երևան"
"2018-11-30",2018,11,"Աջափնյակ",186,1953,"Երևան"
"2018-12-31",2018,12,"Աջափնյակ",205,2008,"Երևան"
"2019-01-31",2019,1,"Աջափնյակ",111,1971,"Երևան"
"2019-02-28",2019,2,"Աջափնյակ",171,2028,"Երևան"
"2019-03-31",2019,3,"Աջափնյակ",146,2034,"Երևան"
"2019-04-30",2019,4,"Աջափնյակ",159,2075,"Երևան"
"2019-05-31",2019,5,"Աջափնյակ",154,2093,"Երևան"
"2019-06-30",2019,6,"Աջափնյակ",144,2035,"Երևան"
"2019-07-31",2019,7,"Աջափնյակ",169,2007,"Երևան"
"2019-08-31",2019,8,"Աջափնյակ",161,1987,"Երևան"
"2019-09-30",2019,9,"Աջափնյակ",149,1962,"Երևան"
"2019-10-31",2019,10,"Աջափնյակ",164,1919,"Երևան"
"2019-11-30",2019,11,"Աջափնյակ",165,1898,"Երևան"
"2019-12-31",2019,12,"Աջափնյակ",160,1853,"Երևան"
"2020-01-31",2020,1,"Աջափնյակ",83,1825,"Երևան"
"2020-02-29",2020,2,"Աջափնյակ",119,1773,"Երևան"
"2020-03-31",2020,3,"Աջափնյակ",159,1786,"Երևան"
"2020-04-30",2020,4,"Աջափնյակ",43,1670,"Երևան"
"2020-05-31",2020,5,"Աջափնյակ",74,1590,"Երևան"
"2020-06-30",2020,6,"Աջափնյակ",127,1573,"Երևան"
"2020-07-31",2020,7,"Աջափնյակ",264,1668,"Երևան"
"2020-08-31",2020,8,"Աջափնյակ",163,1670,"Երևան"
"2020-09-30",2020,9,"Աջափնյակ",182,1703,"Երևան"
"2020-10-31",2020,10,"Աջափնյակ",147,1686,"Երևան"
"2020-11-30",2020,11,"Աջափնյակ",91,1612,"Երևան"
"2020-12-31",2020,12,"Աջափնյակ",111,1563,"Երևան"
"2021-01-31",2021,1,"Աջափնյակ",75,1555,"Երևան"
"2021-02-28",2021,2,"Աջափնյակ",134,1570,"Երևան"
"2021-03-31",2021,3,"Աջափնյակ",142,1553,"Երևան"
"2021-04-30",2021,4,"Աջափնյակ",114,1624,"Երևան"
"2021-05-31",2021,5,"Աջափնյակ",131,1681,"Երևան"
"2021-06-30",2021,6,"Աջափնյակ",124,1678,"Երևան"
"2021-07-31",2021,7,"Աջափնյակ",109,1523,"Երևան"
"2021-08-31",2021,8,"Աջափնյակ",169,1529,"Երևան"
"2021-09-30",2021,9,"Աջափնյակ",166,1513,"Երևան"
"2021-10-31",2021,10,"Աջափնյակ",157,1523,"Երևան"
"2021-11-30",2021,11,"Աջափնյակ",145,1577,"Երևան"
"2021-12-31",2021,12,"Աջափնյակ",182,1648,"Երևան"
"2022-01-31",2022,1,"Աջափնյակ",96,1669,"Երևան"
"2022-02-28",2022,2,"Աջափնյակ",160,1695,"Երևան"
"2022-03-31",2022,3,"Աջափնյակ",154,1707,"Երևան"
"2022-04-30",2022,4,"Աջափնյակ",152,1745,"Երևան"
"2022-05-31",2022,5,"Աջափնյակ",159,1773,"Երևան"
"2022-06-30",2022,6,"Աջափնյակ",195,1844,"Երևան"
"2022-07-31",2022,7,"Աջափնյակ",137,1872,"Երևան"
"2022-08-31",2022,8,"Աջափնյակ",135,1838,"Երևան"
"2022-09-30",2022,9,"Աջափնյակ",133,1805,"Երևան"
"2022-10-31",2022,10,"Աջափնյակ",93,1741,"Երևան"
"2022-11-30",2022,11,"Աջափնյակ",115,1711,"Երևան"
"2022-12-31",2022,12,"Աջափնյակ",107,1636,"Երևան"
"2023-01-31",2023,1,"Աջափնյակ",65,1605,"Երևան"
"2023-02-28",2023,2,"Աջափնյակ",102,1547,"Երևան"
"2023-03-31",2023,3,"Աջափնյակ",107,1500,"Երևան"
"2023-04-30",2023,4,"Աջափնյակ",91,1439,"Երևան"
"2023-05-31",2023,5,"Աջափնյակ",102,1382,"Երևան"
"2023-06-30",2023,6,"Աջափնյակ",105,1292,"Երևան"
"2023-07-31",2023,7,"Աջափնյակ",278,1433,"Երևան"
"2023-08-31",2023,8,"Աջափնյակ",234,1532,"Երևան"
"2023-09-30",2023,9,"Աջափնյակ",116,1515,"Երևան"
"2023-10-31",2023,10,"Աջափնյակ",112,1534,"Երևան"
"2023-11-30",2023,11,"Աջափնյակ",105,1524,"Երևան"
"2023-12-31",2023,12,"Աջափնյակ",97,1514,"Երևան"
"2024-01-31",2024,1,"Աջափնյակ",65,1514,"Երևան"
"2018-01-31",2018,1,"Ավան",53,943,"Երևան"
"2018-02-28",2018,2,"Ավան",64,960,"Երևան"
"2018-03-31",2018,3,"Ավան",68,978,"Երևան"
"2018-04-30",2018,4,"Ավան",68,955,"Երևան"
"2018-05-31",2018,5,"Ավան",79,905,"Երևան"
"2018-06-30",2018,6,"Ավան",98,874,"Երևան"
"2018-07-31",2018,7,"Ավան",90,895,"Երևան"
"2018-08-31",2018,8,"Ավան",63,889,"Երևան"
"2018-09-30",2018,9,"Ավան",59,891,"Երևան"
"2018-10-31",2018,10,"Ավան",78,890,"Երևան"
"2018-11-30",2018,11,"Ավան",159,965,"Երևան"
"2018-12-31",2018,12,"Ավան",82,961,"Երևան"
"2019-01-31",2019,1,"Ավան",44,952,"Երևան"
"2019-02-28",2019,2,"Ավան",58,946,"Երևան"
"2019-03-31",2019,3,"Ավան",92,970,"Երևան"
"2019-04-30",2019,4,"Ավան",72,974,"Երևան"
"2019-05-31",2019,5,"Ավան",84,979,"Երևան"
"2019-06-30",2019,6,"Ավան",56,937,"Երևան"
"2019-07-31",2019,7,"Ավան",72,919,"Երևան"
"2019-08-31",2019,8,"Ավան",77,933,"Երևան"
"2019-09-30",2019,9,"Ավան",69,943,"Երևան"
"2019-10-31",2019,10,"Ավան",104,969,"Երևան"
"2019-11-30",2019,11,"Ավան",162,972,"Երևան"
"2019-12-31",2019,12,"Ավան",155,1045,"Երևան"
"2020-01-31",2020,1,"Ավան",94,1095,"Երևան"
"2020-02-29",2020,2,"Ավան",133,1170,"Երևան"
"2020-03-31",2020,3,"Ավան",78,1156,"Երևան"
"2020-04-30",2020,4,"Ավան",20,1104,"Երևան"
"2020-05-31",2020,5,"Ավան",45,1065,"Երևան"
"2020-06-30",2020,6,"Ավան",64,1073,"Երևան"
"2020-07-31",2020,7,"Ավան",55,1056,"Երևան"
"2020-08-31",2020,8,"Ավան",70,1049,"Երևան"
"2020-09-30",2020,9,"Ավան",61,1041,"Երևան"
"2020-10-31",2020,10,"Ավան",54,991,"Երևան"
"2020-11-30",2020,11,"Ավան",21,850,"Երևան"
"2020-12-31",2020,12,"Ավան",27,722,"Երևան"
"2021-01-31",2021,1,"Ավան",28,656,"Երևան"
"2021-02-28",2021,2,"Ավան",45,568,"Երևան"
"2021-03-31",2021,3,"Ավան",47,537,"Երևան"
"2021-04-30",2021,4,"Ավան",32,549,"Երևան"
"2021-05-31",2021,5,"Ավան",40,544,"Երևան"
"2021-06-30",2021,6,"Ավան",56,536,"Երևան"
"2021-07-31",2021,7,"Ավան",54,535,"Երևան"
"2021-08-31",2021,8,"Ավան",54,519,"Երևան"
"2021-09-30",2021,9,"Ավան",66,524,"Երևան"
"2021-10-31",2021,10,"Ավան",61,531,"Երևան"
"2021-11-30",2021,11,"Ավան",67,577,"Երևան"
"2021-12-31",2021,12,"Ավան",97,647,"Երևան"
"2022-01-31",2022,1,"Ավան",35,654,"Երևան"
"2022-02-28",2022,2,"Ավան",52,661,"Երևան"
"2022-03-31",2022,3,"Ավան",69,683,"Երևան"
"2022-04-30",2022,4,"Ավան",56,707,"Երևան"
"2022-05-31",2022,5,"Ավան",63,730,"Երևան"
"2022-06-30",2022,6,"Ավան",74,748,"Երևան"
"2022-07-31",2022,7,"Ավան",62,756,"Երևան"
"2022-08-31",2022,8,"Ավան",42,744,"Երևան"
"2022-09-30",2022,9,"Ավան",51,729,"Երևան"
"2022-10-31",2022,10,"Ավան",50,718,"Երևան"
"2022-11-30",2022,11,"Ավան",58,709,"Երևան"
"2022-12-31",2022,12,"Ավան",49,661,"Երևան"
"2023-01-31",2023,1,"Ավան",24,650,"Երևան"
"2023-02-28",2023,2,"Ավան",35,633,"Երևան"
"2023-03-31",2023,3,"Ավան",54,618,"Երևան"
"2023-04-30",2023,4,"Ավան",48,610,"Երևան"
"2023-05-31",2023,5,"Ավան",55,602,"Երևան"
"2023-06-30",2023,6,"Ավան",58,586,"Երևան"
"2023-07-31",2023,7,"Ավան",23,547,"Երևան"
"2023-08-31",2023,8,"Ավան",42,547,"Երևան"
"2023-09-30",2023,9,"Ավան",28,524,"Երևան"
"2023-10-31",2023,10,"Ավան",43,517,"Երևան"
"2023-11-30",2023,11,"Ավան",56,515,"Երևան"
"2023-12-31",2023,12,"Ավան",38,504,"Երևան"
"2024-01-31",2024,1,"Ավան",45,525,"Երևան"
"2018-01-31",2018,1,"Արաբկիր",137,2726,"Երևան"
"2018-02-28",2018,2,"Արաբկիր",214,2807,"Երևան"
"2018-03-31",2018,3,"Արաբկիր",214,2849,"Երևան"
"2018-04-30",2018,4,"Արաբկիր",217,2912,"Երևան"
"2018-05-31",2018,5,"Արաբկիր",185,2847,"Երևան"
"2018-06-30",2018,6,"Արաբկիր",262,2873,"Երևան"
"2018-07-31",2018,7,"Արաբկիր",268,2909,"Երևան"
"2018-08-31",2018,8,"Արաբկիր",250,2914,"Երևան"
"2018-09-30",2018,9,"Արաբկիր",194,2811,"Երևան"
"2018-10-31",2018,10,"Արաբկիր",214,2685,"Երևան"
"2018-11-30",2018,11,"Արաբկիր",210,2606,"Երևան"
"2018-12-31",2018,12,"Արաբկիր",185,2550,"Երևան"
"2019-01-31",2019,1,"Արաբկիր",102,2515,"Երևան"
"2019-02-28",2019,2,"Արաբկիր",184,2485,"Երևան"
"2019-03-31",2019,3,"Արաբկիր",327,2598,"Երևան"
"2019-04-30",2019,4,"Արաբկիր",339,2720,"Երևան"
"2019-05-31",2019,5,"Արաբկիր",214,2749,"Երևան"
"2019-06-30",2019,6,"Արաբկիր",248,2735,"Երևան"
"2019-07-31",2019,7,"Արաբկիր",247,2714,"Երևան"
"2019-08-31",2019,8,"Արաբկիր",253,2717,"Երևան"
"2019-09-30",2019,9,"Արաբկիր",208,2731,"Երևան"
"2019-10-31",2019,10,"Արաբկիր",298,2815,"Երևան"
"2019-11-30",2019,11,"Արաբկիր",244,2849,"Երևան"
"2019-12-31",2019,12,"Արաբկիր",274,2938,"Երևան"
"2020-01-31",2020,1,"Արաբկիր",154,2990,"Երևան"
"2020-02-29",2020,2,"Արաբկիր",232,3038,"Երևան"
"2020-03-31",2020,3,"Արաբկիր",205,2916,"Երևան"
"2020-04-30",2020,4,"Արաբկիր",41,2618,"Երևան"
"2020-05-31",2020,5,"Արաբկիր",130,2534,"Երևան"
"2020-06-30",2020,6,"Արաբկիր",151,2437,"Երևան"
"2020-07-31",2020,7,"Արաբկիր",248,2438,"Երևան"
"2020-08-31",2020,8,"Արաբկիր",266,2451,"Երևան"
"2020-09-30",2020,9,"Արաբկիր",429,2672,"Երևան"
"2020-10-31",2020,10,"Արաբկիր",335,2709,"Երևան"
"2020-11-30",2020,11,"Արաբկիր",243,2708,"Երևան"
"2020-12-31",2020,12,"Արաբկիր",360,2794,"Երևան"
"2021-01-31",2021,1,"Արաբկիր",143,2783,"Երևան"
"2021-02-28",2021,2,"Արաբկիր",231,2782,"Երևան"
"2021-03-31",2021,3,"Արաբկիր",256,2833,"Երևան"
"2021-04-30",2021,4,"Արաբկիր",275,3067,"Երևան"
"2021-05-31",2021,5,"Արաբկիր",216,3153,"Երևան"
"2021-06-30",2021,6,"Արաբկիր",261,3263,"Երևան"
"2021-07-31",2021,7,"Արաբկիր",267,3282,"Երևան"
"2021-08-31",2021,8,"Արաբկիր",262,3278,"Երևան"
"2021-09-30",2021,9,"Արաբկիր",306,3155,"Երևան"
"2021-10-31",2021,10,"Արաբկիր",240,3060,"Երևան"
"2021-11-30",2021,11,"Արաբկիր",315,3132,"Երևան"
"2021-12-31",2021,12,"Արաբկիր",262,3034,"Երևան"
"2022-01-31",2022,1,"Արաբկիր",162,3053,"Երևան"
"2022-02-28",2022,2,"Արաբկիր",226,3048,"Երևան"
"2022-03-31",2022,3,"Արաբկիր",283,3075,"Երևան"
"2022-04-30",2022,4,"Արաբկիր",258,3058,"Երևան"
"2022-05-31",2022,5,"Արաբկիր",309,3151,"Երևան"
"2022-06-30",2022,6,"Արաբկիր",305,3195,"Երևան"
"2022-07-31",2022,7,"Արաբկիր",228,3156,"Երևան"
"2022-08-31",2022,8,"Արաբկիր",242,3136,"Երևան"
"2022-09-30",2022,9,"Արաբկիր",296,3126,"Երևան"
"2022-10-31",2022,10,"Արաբկիր",248,3134,"Երևան"
"2022-11-30",2022,11,"Արաբկիր",367,3186,"Երևան"
"2022-12-31",2022,12,"Արաբկիր",273,3197,"Երևան"
"2023-01-31",2023,1,"Արաբկիր",155,3190,"Երևան"
"2023-02-28",2023,2,"Արաբկիր",156,3120,"Երևան"
"2023-03-31",2023,3,"Արաբկիր",194,3031,"Երևան"
"2023-04-30",2023,4,"Արաբկիր",182,2955,"Երևան"
"2023-05-31",2023,5,"Արաբկիր",190,2836,"Երևան"
"2023-06-30",2023,6,"Արաբկիր",139,2670,"Երևան"
"2023-07-31",2023,7,"Արաբկիր",149,2591,"Երևան"
"2023-08-31",2023,8,"Արաբկիր",279,2628,"Երևան"
"2023-09-30",2023,9,"Արաբկիր",144,2476,"Երևան"
"2023-10-31",2023,10,"Արաբկիր",191,2419,"Երևան"
"2023-11-30",2023,11,"Արաբկիր",268,2320,"Երևան"
"2023-12-31",2023,12,"Արաբկիր",338,2385,"Երևան"
"2024-01-31",2024,1,"Արաբկիր",226,2456,"Երևան"
"2018-01-31",2018,1,"Դավթաշեն",54,900,"Երևան"
"2018-02-28",2018,2,"Դավթաշեն",58,914,"Երևան"
"2018-03-31",2018,3,"Դավթաշեն",89,938,"Երևան"
"2018-04-30",2018,4,"Դավթաշեն",79,960,"Երևան"
"2018-05-31",2018,5,"Դավթաշեն",70,971,"Երևան"
"2018-06-30",2018,6,"Դավթաշեն",80,997,"Երևան"
"2018-07-31",2018,7,"Դավթաշեն",65,999,"Երևան"
"2018-08-31",2018,8,"Դավթաշեն",77,999,"Երևան"
"2018-09-30",2018,9,"Դավթաշեն",72,1004,"Երևան"
"2018-10-31",2018,10,"Դավթաշեն",87,993,"Երևան"
"2018-11-30",2018,11,"Դավթաշեն",77,982,"Երևան"
"2018-12-31",2018,12,"Դավթաշեն",72,880,"Երևան"
"2019-01-31",2019,1,"Դավթաշեն",31,857,"Երևան"
"2019-02-28",2019,2,"Դավթաշեն",67,866,"Երևան"
"2019-03-31",2019,3,"Դավթաշեն",80,857,"Երևան"
"2019-04-30",2019,4,"Դավթաշեն",54,832,"Երևան"
"2019-05-31",2019,5,"Դավթաշեն",64,826,"Երևան"
"2019-06-30",2019,6,"Դավթաշեն",68,814,"Երևան"
"2019-07-31",2019,7,"Դավթաշեն",65,814,"Երևան"
"2019-08-31",2019,8,"Դավթաշեն",66,803,"Երևան"
"2019-09-30",2019,9,"Դավթաշեն",72,803,"Երևան"
"2019-10-31",2019,10,"Դավթաշեն",98,814,"Երևան"
"2019-11-30",2019,11,"Դավթաշեն",105,842,"Երևան"
"2019-12-31",2019,12,"Դավթաշեն",77,847,"Երևան"
"2020-01-31",2020,1,"Դավթաշեն",59,875,"Երևան"
"2020-02-29",2020,2,"Դավթաշեն",140,948,"Երևան"
"2020-03-31",2020,3,"Դավթաշեն",98,966,"Երևան"
"2020-04-30",2020,4,"Դավթաշեն",22,934,"Երևան"
"2020-05-31",2020,5,"Դավթաշեն",35,905,"Երևան"
"2020-06-30",2020,6,"Դավթաշեն",52,889,"Երևան"
"2020-07-31",2020,7,"Դավթաշեն",74,898,"Երևան"
"2020-08-31",2020,8,"Դավթաշեն",53,885,"Երևան"
"2020-09-30",2020,9,"Դավթաշեն",106,919,"Երևան"
"2020-10-31",2020,10,"Դավթաշեն",57,878,"Երևան"
"2020-11-30",2020,11,"Դավթաշեն",37,810,"Երևան"
"2020-12-31",2020,12,"Դավթաշեն",63,796,"Երևան"
"2021-01-31",2021,1,"Դավթաշեն",37,774,"Երևան"
"2021-02-28",2021,2,"Դավթաշեն",42,676,"Երևան"
"2021-03-31",2021,3,"Դավթաշեն",81,659,"Երևան"
"2021-04-30",2021,4,"Դավթաշեն",118,755,"Երևան"
"2021-05-31",2021,5,"Դավթաշեն",88,808,"Երևան"
"2021-06-30",2021,6,"Դավթաշեն",86,842,"Երևան"
"2021-07-31",2021,7,"Դավթաշեն",62,830,"Երևան"
"2021-08-31",2021,8,"Դավթաշեն",68,845,"Երևան"
"2021-09-30",2021,9,"Դավթաշեն",66,805,"Երևան"
"2021-10-31",2021,10,"Դավթաշեն",126,874,"Երևան"
"2021-11-30",2021,11,"Դավթաշեն",100,937,"Երևան"
"2021-12-31",2021,12,"Դավթաշեն",110,984,"Երևան"
"2022-01-31",2022,1,"Դավթաշեն",75,1022,"Երևան"
"2022-02-28",2022,2,"Դավթաշեն",104,1084,"Երևան"
"2022-03-31",2022,3,"Դավթաշեն",108,1111,"Երևան"
"2022-04-30",2022,4,"Դավթաշեն",69,1062,"Երևան"
"2022-05-31",2022,5,"Դավթաշեն",87,1061,"Երևան"
"2022-06-30",2022,6,"Դավթաշեն",106,1081,"Երևան"
"2022-07-31",2022,7,"Դավթաշեն",164,1183,"Երևան"
"2022-08-31",2022,8,"Դավթաշեն",68,1183,"Երևան"
"2022-09-30",2022,9,"Դավթաշեն",69,1186,"Երևան"
"2022-10-31",2022,10,"Դավթաշեն",128,1188,"Երևան"
"2022-11-30",2022,11,"Դավթաշեն",95,1183,"Երևան"
"2022-12-31",2022,12,"Դավթաշեն",79,1152,"Երևան"
"2023-01-31",2023,1,"Դավթաշեն",49,1126,"Երևան"
"2023-02-28",2023,2,"Դավթաշեն",66,1088,"Երևան"
"2023-03-31",2023,3,"Դավթաշեն",60,1040,"Երևան"
"2023-04-30",2023,4,"Դավթաշեն",49,1020,"Երևան"
"2023-05-31",2023,5,"Դավթաշեն",51,984,"Երևան"
"2023-06-30",2023,6,"Դավթաշեն",52,930,"Երևան"
"2023-07-31",2023,7,"Դավթաշեն",51,817,"Երևան"
"2023-08-31",2023,8,"Դավթաշեն",49,798,"Երևան"
"2023-09-30",2023,9,"Դավթաշեն",55,784,"Երևան"
"2023-10-31",2023,10,"Դավթաշեն",43,699,"Երևան"
"2023-11-30",2023,11,"Դավթաշեն",42,646,"Երևան"
"2023-12-31",2023,12,"Դավթաշեն",45,612,"Երևան"
"2024-01-31",2024,1,"Դավթաշեն",49,612,"Երևան"
"2018-01-31",2018,1,"Կենտրոն",201,3288,"Երևան"
"2018-02-28",2018,2,"Կենտրոն",314,3419,"Երևան"
"2018-03-31",2018,3,"Կենտրոն",253,3408,"Երևան"
"2018-04-30",2018,4,"Կենտրոն",257,3465,"Երևան"
"2018-05-31",2018,5,"Կենտրոն",276,3430,"Երևան"
"2018-06-30",2018,6,"Կենտրոն",387,3578,"Երևան"
"2018-07-31",2018,7,"Կենտրոն",341,3671,"Երևան"
"2018-08-31",2018,8,"Կենտրոն",277,3702,"Երևան"
"2018-09-30",2018,9,"Կենտրոն",270,3657,"Երևան"
"2018-10-31",2018,10,"Կենտրոն",308,3627,"Երևան"
"2018-11-30",2018,11,"Կենտրոն",360,3670,"Երևան"
"2018-12-31",2018,12,"Կենտրոն",252,3496,"Երևան"
"2019-01-31",2019,1,"Կենտրոն",161,3456,"Երևան"
"2019-02-28",2019,2,"Կենտրոն",299,3441,"Երևան"
"2019-03-31",2019,3,"Կենտրոն",331,3519,"Երևան"
"2019-04-30",2019,4,"Կենտրոն",345,3607,"Երևան"
"2019-05-31",2019,5,"Կենտրոն",292,3623,"Երևան"
"2019-06-30",2019,6,"Կենտրոն",251,3487,"Երևան"
"2019-07-31",2019,7,"Կենտրոն",292,3438,"Երևան"
"2019-08-31",2019,8,"Կենտրոն",323,3484,"Երևան"
"2019-09-30",2019,9,"Կենտրոն",282,3496,"Երևան"
"2019-10-31",2019,10,"Կենտրոն",408,3596,"Երևան"
"2019-11-30",2019,11,"Կենտրոն",352,3588,"Երևան"
"2019-12-31",2019,12,"Կենտրոն",394,3730,"Երևան"
"2020-01-31",2020,1,"Կենտրոն",217,3786,"Երևան"
"2020-02-29",2020,2,"Կենտրոն",313,3800,"Երևան"
"2020-03-31",2020,3,"Կենտրոն",289,3758,"Երևան"
"2020-04-30",2020,4,"Կենտրոն",47,3460,"Երևան"
"2020-05-31",2020,5,"Կենտրոն",136,3304,"Երևան"
"2020-06-30",2020,6,"Կենտրոն",171,3224,"Երևան"
"2020-07-31",2020,7,"Կենտրոն",179,3111,"Երևան"
"2020-08-31",2020,8,"Կենտրոն",158,2946,"Երևան"
"2020-09-30",2020,9,"Կենտրոն",213,2877,"Երևան"
"2020-10-31",2020,10,"Կենտրոն",135,2604,"Երևան"
"2020-11-30",2020,11,"Կենտրոն",106,2358,"Երևան"
"2020-12-31",2020,12,"Կենտրոն",164,2128,"Երևան"
"2021-01-31",2021,1,"Կենտրոն",86,1997,"Երևան"
"2021-02-28",2021,2,"Կենտրոն",143,1827,"Երևան"
"2021-03-31",2021,3,"Կենտրոն",205,1743,"Երևան"
"2021-04-30",2021,4,"Կենտրոն",184,1880,"Երևան"
"2021-05-31",2021,5,"Կենտրոն",223,1967,"Երևան"
"2021-06-30",2021,6,"Կենտրոն",198,1994,"Երևան"
"2021-07-31",2021,7,"Կենտրոն",380,2195,"Երևան"
"2021-08-31",2021,8,"Կենտրոն",277,2314,"Երևան"
"2021-09-30",2021,9,"Կենտրոն",283,2384,"Երևան"
"2021-10-31",2021,10,"Կենտրոն",255,2504,"Երևան"
"2021-11-30",2021,11,"Կենտրոն",239,2637,"Երևան"
"2021-12-31",2021,12,"Կենտրոն",282,2755,"Երևան"
"2022-01-31",2022,1,"Կենտրոն",180,2849,"Երևան"
"2022-02-28",2022,2,"Կենտրոն",202,2908,"Երևան"
"2022-03-31",2022,3,"Կենտրոն",350,3053,"Երևան"
"2022-04-30",2022,4,"Կենտրոն",401,3270,"Երևան"
"2022-05-31",2022,5,"Կենտրոն",291,3338,"Երևան"
"2022-06-30",2022,6,"Կենտրոն",354,3494,"Երևան"
"2022-07-31",2022,7,"Կենտրոն",262,3376,"Երևան"
"2022-08-31",2022,8,"Կենտրոն",235,3334,"Երևան"
"2022-09-30",2022,9,"Կենտրոն",201,3252,"Երևան"
"2022-10-31",2022,10,"Կենտրոն",237,3234,"Երևան"
"2022-11-30",2022,11,"Կենտրոն",235,3230,"Երևան"
"2022-12-31",2022,12,"Կենտրոն",299,3247,"Երևան"
"2023-01-31",2023,1,"Կենտրոն",155,3222,"Երևան"
"2023-02-28",2023,2,"Կենտրոն",209,3229,"Երևան"
"2023-03-31",2023,3,"Կենտրոն",197,3076,"Երևան"
"2023-04-30",2023,4,"Կենտրոն",145,2820,"Երևան"
"2023-05-31",2023,5,"Կենտրոն",191,2720,"Երևան"
"2023-06-30",2023,6,"Կենտրոն",221,2587,"Երևան"
"2023-07-31",2023,7,"Կենտրոն",145,2470,"Երևան"
"2023-08-31",2023,8,"Կենտրոն",168,2403,"Երևան"
"2023-09-30",2023,9,"Կենտրոն",203,2405,"Երևան"
"2023-10-31",2023,10,"Կենտրոն",188,2356,"Երևան"
"2023-11-30",2023,11,"Կենտրոն",182,2303,"Երևան"
"2023-12-31",2023,12,"Կենտրոն",178,2182,"Երևան"
"2024-01-31",2024,1,"Կենտրոն",132,2159,"Երևան"
"2018-01-31",2018,1,"Մալաթիա-Սեբաստիա",80,1603,"Երևան"
"2018-02-28",2018,2,"Մալաթիա-Սեբաստիա",114,1626,"Երևան"
"2018-03-31",2018,3,"Մալաթիա-Սեբաստիա",166,1651,"Երևան"
"2018-04-30",2018,4,"Մալաթիա-Սեբաստիա",126,1656,"Երևան"
"2018-05-31",2018,5,"Մալաթիա-Սեբաստիա",130,1642,"Երևան"
"2018-06-30",2018,6,"Մալաթիա-Սեբաստիա",188,1691,"Երևան"
"2018-07-31",2018,7,"Մալաթիա-Սեբաստիա",163,1699,"Երևան"
"2018-08-31",2018,8,"Մալաթիա-Սեբաստիա",159,1733,"Երևան"
"2018-09-30",2018,9,"Մալաթիա-Սեբաստիա",134,1746,"Երևան"
"2018-10-31",2018,10,"Մալաթիա-Սեբաստիա",143,1733,"Երևան"
"2018-11-30",2018,11,"Մալաթիա-Սեբաստիա",140,1721,"Երևան"
"2018-12-31",2018,12,"Մալաթիա-Սեբաստիա",129,1672,"Երևան"
"2019-01-31",2019,1,"Մալաթիա-Սեբաստիա",64,1656,"Երևան"
"2019-02-28",2019,2,"Մալաթիա-Սեբաստիա",102,1644,"Երևան"
"2019-03-31",2019,3,"Մալաթիա-Սեբաստիա",140,1618,"Երևան"
"2019-04-30",2019,4,"Մալաթիա-Սեբաստիա",153,1645,"Երևան"
"2019-05-31",2019,5,"Մալաթիա-Սեբաստիա",152,1667,"Երևան"
"2019-06-30",2019,6,"Մալաթիա-Սեբաստիա",141,1620,"Երևան"
"2019-07-31",2019,7,"Մալաթիա-Սեբաստիա",144,1601,"Երևան"
"2019-08-31",2019,8,"Մալաթիա-Սեբաստիա",133,1575,"Երևան"
"2019-09-30",2019,9,"Մալաթիա-Սեբաստիա",146,1587,"Երևան"
"2019-10-31",2019,10,"Մալաթիա-Սեբաստիա",156,1600,"Երևան"
"2019-11-30",2019,11,"Մալաթիա-Սեբաստիա",148,1608,"Երևան"
"2019-12-31",2019,12,"Մալաթիա-Սեբաստիա",150,1629,"Երևան"
"2020-01-31",2020,1,"Մալաթիա-Սեբաստիա",108,1673,"Երևան"
"2020-02-29",2020,2,"Մալաթիա-Սեբաստիա",113,1684,"Երևան"
"2020-03-31",2020,3,"Մալաթիա-Սեբաստիա",107,1651,"Երևան"
"2020-04-30",2020,4,"Մալաթիա-Սեբաստիա",38,1536,"Երևան"
"2020-05-31",2020,5,"Մալաթիա-Սեբաստիա",66,1450,"Երևան"
"2020-06-30",2020,6,"Մալաթիա-Սեբաստիա",110,1419,"Երևան"
"2020-07-31",2020,7,"Մալաթիա-Սեբաստիա",112,1387,"Երևան"
"2020-08-31",2020,8,"Մալաթիա-Սեբաստիա",151,1405,"Երևան"
"2020-09-30",2020,9,"Մալաթիա-Սեբաստիա",146,1405,"Երևան"
"2020-10-31",2020,10,"Մալաթիա-Սեբաստիա",120,1369,"Երևան"
"2020-11-30",2020,11,"Մալաթիա-Սեբաստիա",56,1277,"Երևան"
"2020-12-31",2020,12,"Մալաթիա-Սեբաստիա",102,1229,"Երևան"
"2021-01-31",2021,1,"Մալաթիա-Սեբաստիա",80,1201,"Երևան"
"2021-02-28",2021,2,"Մալաթիա-Սեբաստիա",122,1210,"Երևան"
"2021-03-31",2021,3,"Մալաթիա-Սեբաստիա",115,1218,"Երևան"
"2021-04-30",2021,4,"Մալաթիա-Սեբաստիա",152,1332,"Երևան"
"2021-05-31",2021,5,"Մալաթիա-Սեբաստիա",117,1383,"Երևան"
"2021-06-30",2021,6,"Մալաթիա-Սեբաստիա",123,1396,"Երևան"
"2021-07-31",2021,7,"Մալաթիա-Սեբաստիա",117,1401,"Երևան"
"2021-08-31",2021,8,"Մալաթիա-Սեբաստիա",157,1407,"Երևան"
"2021-09-30",2021,9,"Մալաթիա-Սեբաստիա",222,1483,"Երևան"
"2021-10-31",2021,10,"Մալաթիա-Սեբաստիա",211,1574,"Երևան"
"2021-11-30",2021,11,"Մալաթիա-Սեբաստիա",215,1733,"Երևան"
"2021-12-31",2021,12,"Մալաթիա-Սեբաստիա",197,1828,"Երևան"
"2022-01-31",2022,1,"Մալաթիա-Սեբաստիա",112,1860,"Երևան"
"2022-02-28",2022,2,"Մալաթիա-Սեբաստիա",163,1901,"Երևան"
"2022-03-31",2022,3,"Մալաթիա-Սեբաստիա",219,2005,"Երևան"
"2022-04-30",2022,4,"Մալաթիա-Սեբաստիա",178,2031,"Երևան"
"2022-05-31",2022,5,"Մալաթիա-Սեբաստիա",177,2091,"Երևան"
"2022-06-30",2022,6,"Մալաթիա-Սեբաստիա",200,2168,"Երևան"
"2022-07-31",2022,7,"Մալաթիա-Սեբաստիա",110,2161,"Երևան"
"2022-08-31",2022,8,"Մալաթիա-Սեբաստիա",130,2134,"Երևան"
"2022-09-30",2022,9,"Մալաթիա-Սեբաստիա",175,2087,"Երևան"
"2022-10-31",2022,10,"Մալաթիա-Սեբաստիա",102,1978,"Երևան"
"2022-11-30",2022,11,"Մալաթիա-Սեբաստիա",161,1924,"Երևան"
"2022-12-31",2022,12,"Մալաթիա-Սեբաստիա",130,1857,"Երևան"
"2023-01-31",2023,1,"Մալաթիա-Սեբաստիա",116,1861,"Երևան"
"2023-02-28",2023,2,"Մալաթիա-Սեբաստիա",111,1809,"Երևան"
"2023-03-31",2023,3,"Մալաթիա-Սեբաստիա",111,1701,"Երևան"
"2023-04-30",2023,4,"Մալաթիա-Սեբաստիա",103,1626,"Երևան"
"2023-05-31",2023,5,"Մալաթիա-Սեբաստիա",118,1567,"Երևան"
"2023-06-30",2023,6,"Մալաթիա-Սեբաստիա",79,1446,"Երևան"
"2023-07-31",2023,7,"Մալաթիա-Սեբաստիա",93,1429,"Երևան"
"2023-08-31",2023,8,"Մալաթիա-Սեբաստիա",100,1399,"Երևան"
"2023-09-30",2023,9,"Մալաթիա-Սեբաստիա",93,1317,"Երևան"
"2023-10-31",2023,10,"Մալաթիա-Սեբաստիա",119,1334,"Երևան"
"2023-11-30",2023,11,"Մալաթիա-Սեբաստիա",105,1278,"Երևան"
"2023-12-31",2023,12,"Մալաթիա-Սեբաստիա",179,1327,"Երևան"
"2024-01-31",2024,1,"Մալաթիա-Սեբաստիա",250,1461,"Երևան"
"2018-01-31",2018,1,"Նոր Նորք",78,1707,"Երևան"
"2018-02-28",2018,2,"Նոր Նորք",110,1716,"Երևան"
"2018-03-31",2018,3,"Նոր Նորք",154,1754,"Երևան"
"2018-04-30",2018,4,"Նոր Նորք",125,1767,"Երևան"
"2018-05-31",2018,5,"Նոր Նորք",148,1740,"Երևան"
"2018-06-30",2018,6,"Նոր Նորք",210,1778,"Երևան"
"2018-07-31",2018,7,"Նոր Նորք",158,1782,"Երևան"
"2018-08-31",2018,8,"Նոր Նորք",181,1806,"Երևան"
"2018-09-30",2018,9,"Նոր Նորք",167,1827,"Երևան"
"2018-10-31",2018,10,"Նոր Նորք",222,1879,"Երևան"
"2018-11-30",2018,11,"Նոր Նորք",190,1931,"Երևան"
"2018-12-31",2018,12,"Նոր Նորք",185,1928,"Երևան"
"2019-01-31",2019,1,"Նոր Նորք",72,1922,"Երևան"
"2019-02-28",2019,2,"Նոր Նորք",119,1931,"Երևան"
"2019-03-31",2019,3,"Նոր Նորք",142,1919,"Երևան"
"2019-04-30",2019,4,"Նոր Նորք",133,1927,"Երևան"
"2019-05-31",2019,5,"Նոր Նորք",135,1914,"Երևան"
"2019-06-30",2019,6,"Նոր Նորք",151,1855,"Երևան"
"2019-07-31",2019,7,"Նոր Նորք",151,1848,"Երևան"
"2019-08-31",2019,8,"Նոր Նորք",172,1839,"Երևան"
"2019-09-30",2019,9,"Նոր Նորք",159,1831,"Երևան"
"2019-10-31",2019,10,"Նոր Նորք",147,1756,"Երևան"
"2019-11-30",2019,11,"Նոր Նորք",129,1695,"Երևան"
"2019-12-31",2019,12,"Նոր Նորք",152,1662,"Երևան"
"2020-01-31",2020,1,"Նոր Նորք",77,1667,"Երևան"
"2020-02-29",2020,2,"Նոր Նորք",156,1704,"Երևան"
"2020-03-31",2020,3,"Նոր Նորք",126,1688,"Երևան"
"2020-04-30",2020,4,"Նոր Նորք",38,1593,"Երևան"
"2020-05-31",2020,5,"Նոր Նորք",78,1536,"Երևան"
"2020-06-30",2020,6,"Նոր Նորք",88,1473,"Երևան"
"2020-07-31",2020,7,"Նոր Նորք",147,1469,"Երևան"
"2020-08-31",2020,8,"Նոր Նորք",138,1435,"Երևան"
"2020-09-30",2020,9,"Նոր Նորք",162,1438,"Երևան"
"2020-10-31",2020,10,"Նոր Նորք",134,1425,"Երևան"
"2020-11-30",2020,11,"Նոր Նորք",102,1398,"Երևան"
"2020-12-31",2020,12,"Նոր Նորք",132,1378,"Երևան"
"2021-01-31",2021,1,"Նոր Նորք",56,1357,"Երևան"
"2021-02-28",2021,2,"Նոր Նորք",109,1310,"Երևան"
"2021-03-31",2021,3,"Նոր Նորք",131,1315,"Երևան"
"2021-04-30",2021,4,"Նոր Նորք",116,1393,"Երևան"
"2021-05-31",2021,5,"Նոր Նորք",135,1450,"Երևան"
"2021-06-30",2021,6,"Նոր Նորք",146,1508,"Երևան"
"2021-07-31",2021,7,"Նոր Նորք",112,1473,"Երևան"
"2021-08-31",2021,8,"Նոր Նորք",197,1532,"Երևան"
"2021-09-30",2021,9,"Նոր Նորք",140,1510,"Երևան"
"2021-10-31",2021,10,"Նոր Նորք",152,1528,"Երևան"
"2021-11-30",2021,11,"Նոր Նորք",181,1607,"Երևան"
"2021-12-31",2021,12,"Նոր Նորք",178,1653,"Երևան"
"2022-01-31",2022,1,"Նոր Նորք",117,1714,"Երևան"
"2022-02-28",2022,2,"Նոր Նորք",125,1730,"Երևան"
"2022-03-31",2022,3,"Նոր Նորք",152,1751,"Երևան"
"2022-04-30",2022,4,"Նոր Նորք",163,1798,"Երևան"
"2022-05-31",2022,5,"Նոր Նորք",179,1842,"Երևան"
"2022-06-30",2022,6,"Նոր Նորք",198,1894,"Երևան"
"2022-07-31",2022,7,"Նոր Նորք",117,1899,"Երևան"
"2022-08-31",2022,8,"Նոր Նորք",148,1850,"Երևան"
"2022-09-30",2022,9,"Նոր Նորք",143,1853,"Երևան"
"2022-10-31",2022,10,"Նոր Նորք",132,1833,"Երևան"
"2022-11-30",2022,11,"Նոր Նորք",148,1800,"Երևան"
"2022-12-31",2022,12,"Նոր Նորք",161,1783,"Երևան"
"2023-01-31",2023,1,"Նոր Նորք",85,1751,"Երևան"
"2023-02-28",2023,2,"Նոր Նորք",83,1709,"Երևան"
"2023-03-31",2023,3,"Նոր Նորք",130,1687,"Երևան"
"2023-04-30",2023,4,"Նոր Նորք",100,1624,"Երևան"
"2023-05-31",2023,5,"Նոր Նորք",115,1560,"Երևան"
"2023-06-30",2023,6,"Նոր Նորք",128,1490,"Երևան"
"2023-07-31",2023,7,"Նոր Նորք",87,1460,"Երևան"
"2023-08-31",2023,8,"Նոր Նորք",113,1425,"Երևան"
"2023-09-30",2023,9,"Նոր Նորք",129,1411,"Երևան"
"2023-10-31",2023,10,"Նոր Նորք",164,1443,"Երևան"
"2023-11-30",2023,11,"Նոր Նորք",136,1431,"Երևան"
"2023-12-31",2023,12,"Նոր Նորք",117,1387,"Երևան"
"2024-01-31",2024,1,"Նոր Նորք",70,1372,"Երևան"
"2018-01-31",2018,1,"Նորք-Մարաշ",9,122,"Երևան"
"2018-02-28",2018,2,"Նորք-Մարաշ",3,118,"Երևան"
"2018-03-31",2018,3,"Նորք-Մարաշ",4,119,"Երևան"
"2018-04-30",2018,4,"Նորք-Մարաշ",14,127,"Երևան"
"2018-05-31",2018,5,"Նորք-Մարաշ",10,130,"Երևան"
"2018-06-30",2018,6,"Նորք-Մարաշ",10,133,"Երևան"
"2018-07-31",2018,7,"Նորք-Մարաշ",18,142,"Երևան"
"2018-08-31",2018,8,"Նորք-Մարաշ",15,144,"Երևան"
"2018-09-30",2018,9,"Նորք-Մարաշ",18,143,"Երևան"
"2018-10-31",2018,10,"Նորք-Մարաշ",15,145,"Երևան"
"2018-11-30",2018,11,"Նորք-Մարաշ",11,135,"Երևան"
"2018-12-31",2018,12,"Նորք-Մարաշ",9,136,"Երևան"
"2019-01-31",2019,1,"Նորք-Մարաշ",23,150,"Երևան"
"2019-02-28",2019,2,"Նորք-Մարաշ",14,161,"Երևան"
"2019-03-31",2019,3,"Նորք-Մարաշ",17,174,"Երևան"
"2019-04-30",2019,4,"Նորք-Մարաշ",12,172,"Երևան"
"2019-05-31",2019,5,"Նորք-Մարաշ",8,170,"Երևան"
"2019-06-30",2019,6,"Նորք-Մարաշ",17,177,"Երևան"
"2019-07-31",2019,7,"Նորք-Մարաշ",14,173,"Երևան"
"2019-08-31",2019,8,"Նորք-Մարաշ",16,174,"Երևան"
"2019-09-30",2019,9,"Նորք-Մարաշ",18,174,"Երևան"
"2019-10-31",2019,10,"Նորք-Մարաշ",20,179,"Երևան"
"2019-11-30",2019,11,"Նորք-Մարաշ",12,180,"Երևան"
"2019-12-31",2019,12,"Նորք-Մարաշ",21,192,"Երևան"
"2020-01-31",2020,1,"Նորք-Մարաշ",14,183,"Երևան"
"2020-02-29",2020,2,"Նորք-Մարաշ",17,186,"Երևան"
"2020-03-31",2020,3,"Նորք-Մարաշ",15,184,"Երևան"
"2020-04-30",2020,4,"Նորք-Մարաշ",2,174,"Երևան"
"2020-05-31",2020,5,"Նորք-Մարաշ",11,177,"Երևան"
"2020-06-30",2020,6,"Նորք-Մարաշ",16,176,"Երևան"
"2020-07-31",2020,7,"Նորք-Մարաշ",14,176,"Երևան"
"2020-08-31",2020,8,"Նորք-Մարաշ",16,176,"Երևան"
"2020-09-30",2020,9,"Նորք-Մարաշ",16,174,"Երևան"
"2020-10-31",2020,10,"Նորք-Մարաշ",14,168,"Երևան"
"2020-11-30",2020,11,"Նորք-Մարաշ",12,168,"Երևան"
"2020-12-31",2020,12,"Նորք-Մարաշ",10,157,"Երևան"
"2021-01-31",2021,1,"Նորք-Մարաշ",3,146,"Երևան"
"2021-02-28",2021,2,"Նորք-Մարաշ",10,139,"Երևան"
"2021-03-31",2021,3,"Նորք-Մարաշ",15,139,"Երևան"
"2021-04-30",2021,4,"Նորք-Մարաշ",18,155,"Երևան"
"2021-05-31",2021,5,"Նորք-Մարաշ",24,168,"Երևան"
"2021-06-30",2021,6,"Նորք-Մարաշ",12,164,"Երևան"
"2021-07-31",2021,7,"Նորք-Մարաշ",13,163,"Երևան"
"2021-08-31",2021,8,"Նորք-Մարաշ",25,172,"Երևան"
"2021-09-30",2021,9,"Նորք-Մարաշ",32,188,"Երևան"
"2021-10-31",2021,10,"Նորք-Մարաշ",43,217,"Երևան"
"2021-11-30",2021,11,"Նորք-Մարաշ",39,244,"Երևան"
"2021-12-31",2021,12,"Նորք-Մարաշ",43,277,"Երևան"
"2022-01-31",2022,1,"Նորք-Մարաշ",14,288,"Երևան"
"2022-02-28",2022,2,"Նորք-Մարաշ",32,310,"Երևան"
"2022-03-31",2022,3,"Նորք-Մարաշ",27,322,"Երևան"
"2022-04-30",2022,4,"Նորք-Մարաշ",23,327,"Երևան"
"2022-05-31",2022,5,"Նորք-Մարաշ",31,334,"Երևան"
"2022-06-30",2022,6,"Նորք-Մարաշ",46,368,"Երևան"
"2022-07-31",2022,7,"Նորք-Մարաշ",31,386,"Երևան"
"2022-08-31",2022,8,"Նորք-Մարաշ",59,420,"Երևան"
"2022-09-30",2022,9,"Նորք-Մարաշ",28,416,"Երևան"
"2022-10-31",2022,10,"Նորք-Մարաշ",24,397,"Երևան"
"2022-11-30",2022,11,"Նորք-Մարաշ",35,393,"Երևան"
"2022-12-31",2022,12,"Նորք-Մարաշ",34,384,"Երևան"
"2023-01-31",2023,1,"Նորք-Մարաշ",17,387,"Երևան"
"2023-02-28",2023,2,"Նորք-Մարաշ",13,368,"Երևան"
"2023-03-31",2023,3,"Նորք-Մարաշ",28,369,"Երևան"
"2023-04-30",2023,4,"Նորք-Մարաշ",26,372,"Երևան"
"2023-05-31",2023,5,"Նորք-Մարաշ",29,370,"Երևան"
"2023-06-30",2023,6,"Նորք-Մարաշ",26,350,"Երևան"
"2023-07-31",2023,7,"Նորք-Մարաշ",21,340,"Երևան"
"2023-08-31",2023,8,"Նորք-Մարաշ",23,304,"Երևան"
"2023-09-30",2023,9,"Նորք-Մարաշ",38,314,"Երևան"
"2023-10-31",2023,10,"Նորք-Մարաշ",45,335,"Երևան"
"2023-11-30",2023,11,"Նորք-Մարաշ",27,327,"Երևան"
"2023-12-31",2023,12,"Նորք-Մարաշ",30,323,"Երևան"
"2024-01-31",2024,1,"Նորք-Մարաշ",8,314,"Երևան"
"2018-01-31",2018,1,"Նուբարաշեն",6,99,"Երևան"
"2018-02-28",2018,2,"Նուբարաշեն",6,100,"Երևան"
"2018-03-31",2018,3,"Նուբարաշեն",5,97,"Երևան"
"2018-04-30",2018,4,"Նուբարաշեն",7,91,"Երևան"
"2018-05-31",2018,5,"Նուբարաշեն",6,82,"Երևան"
"2018-06-30",2018,6,"Նուբարաշեն",5,79,"Երևան"
"2018-07-31",2018,7,"Նուբարաշեն",5,69,"Երևան"
"2018-08-31",2018,8,"Նուբարաշեն",6,67,"Երևան"
"2018-09-30",2018,9,"Նուբարաշեն",7,71,"Երևան"
"2018-10-31",2018,10,"Նուբարաշեն",6,69,"Երևան"
"2018-11-30",2018,11,"Նուբարաշեն",10,74,"Երևան"
"2018-12-31",2018,12,"Նուբարաշեն",7,76,"Երևան"
"2019-01-31",2019,1,"Նուբարաշեն",6,76,"Երևան"
"2019-02-28",2019,2,"Նուբարաշեն",8,78,"Երևան"
"2019-03-31",2019,3,"Նուբարաշեն",15,88,"Երևան"
"2019-04-30",2019,4,"Նուբարաշեն",7,88,"Երևան"
"2019-05-31",2019,5,"Նուբարաշեն",7,89,"Երևան"
"2019-06-30",2019,6,"Նուբարաշեն",11,95,"Երևան"
"2019-07-31",2019,7,"Նուբարաշեն",12,102,"Երևան"
"2019-08-31",2019,8,"Նուբարաշեն",15,111,"Երևան"
"2019-09-30",2019,9,"Նուբարաշեն",16,120,"Երևան"
"2019-10-31",2019,10,"Նուբարաշեն",17,131,"Երևան"
"2019-11-30",2019,11,"Նուբարաշեն",8,129,"Երևան"
"2019-12-31",2019,12,"Նուբարաշեն",16,138,"Երևան"
"2020-01-31",2020,1,"Նուբարաշեն",6,138,"Երևան"
"2020-02-29",2020,2,"Նուբարաշեն",13,143,"Երևան"
"2020-03-31",2020,3,"Նուբարաշեն",9,137,"Երևան"
"2020-04-30",2020,4,"Նուբարաշեն",4,134,"Երևան"
"2020-05-31",2020,5,"Նուբարաշեն",11,138,"Երևան"
"2020-06-30",2020,6,"Նուբարաշեն",15,142,"Երևան"
"2020-07-31",2020,7,"Նուբարաշեն",18,148,"Երևան"
"2020-08-31",2020,8,"Նուբարաշեն",13,146,"Երևան"
"2020-09-30",2020,9,"Նուբարաշեն",14,144,"Երևան"
"2020-10-31",2020,10,"Նուբարաշեն",8,135,"Երևան"
"2020-11-30",2020,11,"Նուբարաշեն",3,130,"Երևան"
"2020-12-31",2020,12,"Նուբարաշեն",8,122,"Երևան"
"2021-01-31",2021,1,"Նուբարաշեն",6,122,"Երևան"
"2021-02-28",2021,2,"Նուբարաշեն",5,114,"Երևան"
"2021-03-31",2021,3,"Նուբարաշեն",16,121,"Երևան"
"2021-04-30",2021,4,"Նուբարաշեն",10,127,"Երևան"
"2021-05-31",2021,5,"Նուբարաշեն",10,126,"Երևան"
"2021-06-30",2021,6,"Նուբարաշեն",8,119,"Երևան"
"2021-07-31",2021,7,"Նուբարաշեն",11,112,"Երևան"
"2021-08-31",2021,8,"Նուբարաշեն",18,117,"Երևան"
"2021-09-30",2021,9,"Նուբարաշեն",16,119,"Երևան"
"2021-10-31",2021,10,"Նուբարաշեն",11,122,"Երևան"
"2021-11-30",2021,11,"Նուբարաշեն",15,134,"Երևան"
"2021-12-31",2021,12,"Նուբարաշեն",12,138,"Երևան"
"2022-01-31",2022,1,"Նուբարաշեն",3,135,"Երևան"
"2022-02-28",2022,2,"Նուբարաշեն",10,140,"Երևան"
"2022-03-31",2022,3,"Նուբարաշեն",10,134,"Երևան"
"2022-04-30",2022,4,"Նուբարաշեն",6,130,"Երևան"
"2022-05-31",2022,5,"Նուբարաշեն",10,130,"Երևան"
"2022-06-30",2022,6,"Նուբարաշեն",12,134,"Երևան"
"2022-07-31",2022,7,"Նուբարաշեն",4,127,"Երևան"
"2022-08-31",2022,8,"Նուբարաշեն",4,113,"Երևան"
"2022-09-30",2022,9,"Նուբարաշեն",9,106,"Երևան"
"2022-10-31",2022,10,"Նուբարաշեն",12,107,"Երևան"
"2022-11-30",2022,11,"Նուբարաշեն",5,97,"Երևան"
"2022-12-31",2022,12,"Նուբարաշեն",8,93,"Երևան"
"2023-01-31",2023,1,"Նուբարաշեն",5,95,"Երևան"
"2023-02-28",2023,2,"Նուբարաշեն",8,93,"Երևան"
"2023-03-31",2023,3,"Նուբարաշեն",13,96,"Երևան"
"2023-04-30",2023,4,"Նուբարաշեն",9,99,"Երևան"
"2023-05-31",2023,5,"Նուբարաշեն",13,102,"Երևան"
"2023-06-30",2023,6,"Նուբարաշեն",11,101,"Երևան"
"2023-07-31",2023,7,"Նուբարաշեն",9,106,"Երևան"
"2023-08-31",2023,8,"Նուբարաշեն",7,109,"Երևան"
"2023-09-30",2023,9,"Նուբարաշեն",7,107,"Երևան"
"2023-10-31",2023,10,"Նուբարաշեն",9,104,"Երևան"
"2023-11-30",2023,11,"Նուբարաշեն",17,116,"Երևան"
"2023-12-31",2023,12,"Նուբարաշեն",9,117,"Երևան"
"2024-01-31",2024,1,"Նուբարաշեն",6,118,"Երևան"
"2018-01-31",2018,1,"Շենգավիթ",92,1501,"Երևան"
"2018-02-28",2018,2,"Շենգավիթ",114,1543,"Երևան"
"2018-03-31",2018,3,"Շենգավիթ",160,1560,"Երևան"
"2018-04-30",2018,4,"Շենգավիթ",111,1580,"Երևան"
"2018-05-31",2018,5,"Շենգավիթ",134,1557,"Երևան"
"2018-06-30",2018,6,"Շենգավիթ",157,1592,"Երևան"
"2018-07-31",2018,7,"Շենգավիթ",153,1623,"Երևան"
"2018-08-31",2018,8,"Շենգավիթ",164,1641,"Երևան"
"2018-09-30",2018,9,"Շենգավիթ",144,1631,"Երևան"
"2018-10-31",2018,10,"Շենգավիթ",174,1639,"Երևան"
"2018-11-30",2018,11,"Շենգավիթ",156,1690,"Երևան"
"2018-12-31",2018,12,"Շենգավիթ",158,1717,"Երևան"
"2019-01-31",2019,1,"Շենգավիթ",54,1679,"Երևան"
"2019-02-28",2019,2,"Շենգավիթ",139,1704,"Երևան"
"2019-03-31",2019,3,"Շենգավիթ",163,1707,"Երևան"
"2019-04-30",2019,4,"Շենգավիթ",141,1737,"Երևան"
"2019-05-31",2019,5,"Շենգավիթ",160,1763,"Երևան"
"2019-06-30",2019,6,"Շենգավիթ",129,1735,"Երևան"
"2019-07-31",2019,7,"Շենգավիթ",158,1740,"Երևան"
"2019-08-31",2019,8,"Շենգավիթ",154,1730,"Երևան"
"2019-09-30",2019,9,"Շենգավիթ",127,1713,"Երևան"
"2019-10-31",2019,10,"Շենգավիթ",147,1686,"Երևան"
"2019-11-30",2019,11,"Շենգավիթ",163,1693,"Երևան"
"2019-12-31",2019,12,"Շենգավիթ",161,1696,"Երևան"
"2020-01-31",2020,1,"Շենգավիթ",96,1738,"Երևան"
"2020-02-29",2020,2,"Շենգավիթ",140,1739,"Երևան"
"2020-03-31",2020,3,"Շենգավիթ",140,1716,"Երևան"
"2020-04-30",2020,4,"Շենգավիթ",29,1604,"Երևան"
"2020-05-31",2020,5,"Շենգավիթ",67,1511,"Երևան"
"2020-06-30",2020,6,"Շենգավիթ",102,1484,"Երևան"
"2020-07-31",2020,7,"Շենգավիթ",127,1453,"Երևան"
"2020-08-31",2020,8,"Շենգավիթ",127,1426,"Երևան"
"2020-09-30",2020,9,"Շենգավիթ",167,1466,"Երևան"
"2020-10-31",2020,10,"Շենգավիթ",244,1563,"Երևան"
"2020-11-30",2020,11,"Շենգավիթ",136,1536,"Երևան"
"2020-12-31",2020,12,"Շենգավիթ",158,1533,"Երևան"
"2021-01-31",2021,1,"Շենգավիթ",60,1497,"Երևան"
"2021-02-28",2021,2,"Շենգավիթ",125,1482,"Երևան"
"2021-03-31",2021,3,"Շենգավիթ",283,1625,"Երևան"
"2021-04-30",2021,4,"Շենգավիթ",219,1815,"Երևան"
"2021-05-31",2021,5,"Շենգավիթ",187,1935,"Երևան"
"2021-06-30",2021,6,"Շենգավիթ",155,1988,"Երևան"
"2021-07-31",2021,7,"Շենգավիթ",156,2017,"Երևան"
"2021-08-31",2021,8,"Շենգավիթ",151,2041,"Երևան"
"2021-09-30",2021,9,"Շենգավիթ",147,2021,"Երևան"
"2021-10-31",2021,10,"Շենգավիթ",151,1928,"Երևան"
"2021-11-30",2021,11,"Շենգավիթ",130,1922,"Երևան"
"2021-12-31",2021,12,"Շենգավիթ",137,1901,"Երևան"
"2022-01-31",2022,1,"Շենգավիթ",127,1968,"Երևան"
"2022-02-28",2022,2,"Շենգավիթ",123,1966,"Երևան"
"2022-03-31",2022,3,"Շենգավիթ",151,1834,"Երևան"
"2022-04-30",2022,4,"Շենգավիթ",158,1773,"Երևան"
"2022-05-31",2022,5,"Շենգավիթ",163,1749,"Երևան"
"2022-06-30",2022,6,"Շենգավիթ",170,1764,"Երևան"
"2022-07-31",2022,7,"Շենգավիթ",126,1734,"Երևան"
"2022-08-31",2022,8,"Շենգավիթ",116,1699,"Երևան"
"2022-09-30",2022,9,"Շենգավիթ",111,1663,"Երևան"
"2022-10-31",2022,10,"Շենգավիթ",130,1642,"Երևան"
"2022-11-30",2022,11,"Շենգավիթ",105,1617,"Երևան"
"2022-12-31",2022,12,"Շենգավիթ",117,1597,"Երևան"
"2023-01-31",2023,1,"Շենգավիթ",68,1538,"Երևան"
"2023-02-28",2023,2,"Շենգավիթ",122,1537,"Երևան"
"2023-03-31",2023,3,"Շենգավիթ",110,1496,"Երևան"
"2023-04-30",2023,4,"Շենգավիթ",83,1421,"Երևան"
"2023-05-31",2023,5,"Շենգավիթ",111,1369,"Երևան"
"2023-06-30",2023,6,"Շենգավիթ",103,1302,"Երևան"
"2023-07-31",2023,7,"Շենգավիթ",111,1287,"Երևան"
"2023-08-31",2023,8,"Շենգավիթ",92,1263,"Երևան"
"2023-09-30",2023,9,"Շենգավիթ",75,1227,"Երևան"
"2023-10-31",2023,10,"Շենգավիթ",116,1213,"Երևան"
"2023-11-30",2023,11,"Շենգավիթ",108,1216,"Երևան"
"2023-12-31",2023,12,"Շենգավիթ",88,1187,"Երևան"
"2024-01-31",2024,1,"Շենգավիթ",159,1278,"Երևան"
"2018-01-31",2018,1,"Քանաքեռ-Զեյթուն",67,863,"Երևան"
"2018-02-28",2018,2,"Քանաքեռ-Զեյթուն",73,899,"Երևան"
"2018-03-31",2018,3,"Քանաքեռ-Զեյթուն",110,956,"Երևան"
"2018-04-30",2018,4,"Քանաքեռ-Զեյթուն",95,1005,"Երևան"
"2018-05-31",2018,5,"Քանաքեռ-Զեյթուն",115,1056,"Երևան"
"2018-06-30",2018,6,"Քանաքեռ-Զեյթուն",118,1099,"Երևան"
"2018-07-31",2018,7,"Քանաքեռ-Զեյթուն",94,1126,"Երևան"
"2018-08-31",2018,8,"Քանաքեռ-Զեյթուն",79,1123,"Երևան"
"2018-09-30",2018,9,"Քանաքեռ-Զեյթուն",75,1125,"Երևան"
"2018-10-31",2018,10,"Քանաքեռ-Զեյթուն",84,1110,"Երևան"
"2018-11-30",2018,11,"Քանաքեռ-Զեյթուն",77,1100,"Երևան"
"2018-12-31",2018,12,"Քանաքեռ-Զեյթուն",77,1064,"Երևան"
"2019-01-31",2019,1,"Քանաքեռ-Զեյթուն",43,1040,"Երևան"
"2019-02-28",2019,2,"Քանաքեռ-Զեյթուն",132,1099,"Երևան"
"2019-03-31",2019,3,"Քանաքեռ-Զեյթուն",60,1049,"Երևան"
"2019-04-30",2019,4,"Քանաքեռ-Զեյթուն",103,1057,"Երևան"
"2019-05-31",2019,5,"Քանաքեռ-Զեյթուն",72,1014,"Երևան"
"2019-06-30",2019,6,"Քանաքեռ-Զեյթուն",85,981,"Երևան"
"2019-07-31",2019,7,"Քանաքեռ-Զեյթուն",71,958,"Երևան"
"2019-08-31",2019,8,"Քանաքեռ-Զեյթուն",79,958,"Երևան"
"2019-09-30",2019,9,"Քանաքեռ-Զեյթուն",93,976,"Երևան"
"2019-10-31",2019,10,"Քանաքեռ-Զեյթուն",102,994,"Երևան"
"2019-11-30",2019,11,"Քանաքեռ-Զեյթուն",86,1003,"Երևան"
"2019-12-31",2019,12,"Քանաքեռ-Զեյթուն",106,1032,"Երևան"
"2020-01-31",2020,1,"Քանաքեռ-Զեյթուն",49,1038,"Երևան"
"2020-02-29",2020,2,"Քանաքեռ-Զեյթուն",73,979,"Երևան"
"2020-03-31",2020,3,"Քանաքեռ-Զեյթուն",55,974,"Երևան"
"2020-04-30",2020,4,"Քանաքեռ-Զեյթուն",21,892,"Երևան"
"2020-05-31",2020,5,"Քանաքեռ-Զեյթուն",36,856,"Երևան"
"2020-06-30",2020,6,"Քանաքեռ-Զեյթուն",53,824,"Երևան"
"2020-07-31",2020,7,"Քանաքեռ-Զեյթուն",76,829,"Երևան"
"2020-08-31",2020,8,"Քանաքեռ-Զեյթուն",69,819,"Երևան"
"2020-09-30",2020,9,"Քանաքեռ-Զեյթուն",75,801,"Երևան"
"2020-10-31",2020,10,"Քանաքեռ-Զեյթուն",54,753,"Երևան"
"2020-11-30",2020,11,"Քանաքեռ-Զեյթուն",43,710,"Երևան"
"2020-12-31",2020,12,"Քանաքեռ-Զեյթուն",79,683,"Երևան"
"2021-01-31",2021,1,"Քանաքեռ-Զեյթուն",59,693,"Երևան"
"2021-02-28",2021,2,"Քանաքեռ-Զեյթուն",129,749,"Երևան"
"2021-03-31",2021,3,"Քանաքեռ-Զեյթուն",129,823,"Երևան"
"2021-04-30",2021,4,"Քանաքեռ-Զեյթուն",132,934,"Երևան"
"2021-05-31",2021,5,"Քանաքեռ-Զեյթուն",62,960,"Երևան"
"2021-06-30",2021,6,"Քանաքեռ-Զեյթուն",237,1144,"Երևան"
"2021-07-31",2021,7,"Քանաքեռ-Զեյթուն",298,1366,"Երևան"
"2021-08-31",2021,8,"Քանաքեռ-Զեյթուն",97,1394,"Երևան"
"2021-09-30",2021,9,"Քանաքեռ-Զեյթուն",99,1418,"Երևան"
"2021-10-31",2021,10,"Քանաքեռ-Զեյթուն",160,1524,"Երևան"
"2021-11-30",2021,11,"Քանաքեռ-Զեյթուն",248,1729,"Երևան"
"2021-12-31",2021,12,"Քանաքեռ-Զեյթուն",150,1800,"Երևան"
"2022-01-31",2022,1,"Քանաքեռ-Զեյթուն",52,1793,"Երևան"
"2022-02-28",2022,2,"Քանաքեռ-Զեյթուն",73,1737,"Երևան"
"2022-03-31",2022,3,"Քանաքեռ-Զեյթուն",109,1717,"Երևան"
"2022-04-30",2022,4,"Քանաքեռ-Զեյթուն",111,1696,"Երևան"
"2022-05-31",2022,5,"Քանաքեռ-Զեյթուն",88,1722,"Երևան"
"2022-06-30",2022,6,"Քանաքեռ-Զեյթուն",116,1601,"Երևան"
"2022-07-31",2022,7,"Քանաքեռ-Զեյթուն",90,1393,"Երևան"
"2022-08-31",2022,8,"Քանաքեռ-Զեյթուն",79,1375,"Երևան"
"2022-09-30",2022,9,"Քանաքեռ-Զեյթուն",91,1367,"Երևան"
"2022-10-31",2022,10,"Քանաքեռ-Զեյթուն",66,1273,"Երևան"
"2022-11-30",2022,11,"Քանաքեռ-Զեյթուն",94,1119,"Երևան"
"2022-12-31",2022,12,"Քանաքեռ-Զեյթուն",144,1113,"Երևան"
"2023-01-31",2023,1,"Քանաքեռ-Զեյթուն",45,1106,"Երևան"
"2023-02-28",2023,2,"Քանաքեռ-Զեյթուն",76,1109,"Երևան"
"2023-03-31",2023,3,"Քանաքեռ-Զեյթուն",65,1065,"Երևան"
"2023-04-30",2023,4,"Քանաքեռ-Զեյթուն",99,1053,"Երևան"
"2023-05-31",2023,5,"Քանաքեռ-Զեյթուն",167,1132,"Երևան"
"2023-06-30",2023,6,"Քանաքեռ-Զեյթուն",191,1207,"Երևան"
"2023-07-31",2023,7,"Քանաքեռ-Զեյթուն",169,1286,"Երևան"
"2023-08-31",2023,8,"Քանաքեռ-Զեյթուն",92,1299,"Երևան"
"2023-09-30",2023,9,"Քանաքեռ-Զեյթուն",68,1276,"Երևան"
"2023-10-31",2023,10,"Քանաքեռ-Զեյթուն",64,1274,"Երևան"
"2023-11-30",2023,11,"Քանաքեռ-Զեյթուն",68,1248,"Երևան"
"2023-12-31",2023,12,"Քանաքեռ-Զեյթուն",70,1174,"Երևան"
"2024-01-31",2024,1,"Քանաքեռ-Զեյթուն",27,1156,"Երևան"
"2018-01-31",2018,1,"էրեբունի",63,883,"Երևան"
"2018-02-28",2018,2,"էրեբունի",72,898,"Երևան"
"2018-03-31",2018,3,"էրեբունի",74,894,"Երևան"
"2018-04-30",2018,4,"էրեբունի",83,928,"Երևան"
"2018-05-31",2018,5,"էրեբունի",97,955,"Երևան"
"2018-06-30",2018,6,"էրեբունի",90,965,"Երևան"
"2018-07-31",2018,7,"էրեբունի",96,990,"Երևան"
"2018-08-31",2018,8,"էրեբունի",96,1017,"Երևան"
"2018-09-30",2018,9,"էրեբունի",106,1045,"Երևան"
"2018-10-31",2018,10,"էրեբունի",100,1064,"Երևան"
"2018-11-30",2018,11,"էրեբունի",97,1068,"Երևան"
"2018-12-31",2018,12,"էրեբունի",93,1067,"Երևան"
"2019-01-31",2019,1,"էրեբունի",63,1067,"Երևան"
"2019-02-28",2019,2,"էրեբունի",81,1076,"Երևան"
"2019-03-31",2019,3,"էրեբունի",108,1110,"Երևան"
"2019-04-30",2019,4,"էրեբունի",90,1117,"Երևան"
"2019-05-31",2019,5,"էրեբունի",96,1116,"Երևան"
"2019-06-30",2019,6,"էրեբունի",90,1116,"Երևան"
"2019-07-31",2019,7,"էրեբունի",109,1129,"Երևան"
"2019-08-31",2019,8,"էրեբունի",92,1125,"Երևան"
"2019-09-30",2019,9,"էրեբունի",77,1096,"Երևան"
"2019-10-31",2019,10,"էրեբունի",97,1093,"Երևան"
"2019-11-30",2019,11,"էրեբունի",79,1075,"Երևան"
"2019-12-31",2019,12,"էրեբունի",85,1067,"Երևան"
"2020-01-31",2020,1,"էրեբունի",64,1068,"Երևան"
"2020-02-29",2020,2,"էրեբունի",77,1064,"Երևան"
"2020-03-31",2020,3,"էրեբունի",80,1036,"Երևան"
"2020-04-30",2020,4,"էրեբունի",20,966,"Երևան"
"2020-05-31",2020,5,"էրեբունի",44,914,"Երևան"
"2020-06-30",2020,6,"էրեբունի",63,887,"Երևան"
"2020-07-31",2020,7,"էրեբունի",80,858,"Երևան"
"2020-08-31",2020,8,"էրեբունի",99,865,"Երևան"
"2020-09-30",2020,9,"էրեբունի",96,884,"Երևան"
"2020-10-31",2020,10,"էրեբունի",87,874,"Երևան"
"2020-11-30",2020,11,"էրեբունի",41,836,"Երևան"
"2020-12-31",2020,12,"էրեբունի",48,799,"Երևան"
"2021-01-31",2021,1,"էրեբունի",21,756,"Երևան"
"2021-02-28",2021,2,"էրեբունի",57,736,"Երևան"
"2021-03-31",2021,3,"էրեբունի",92,748,"Երևան"
"2021-04-30",2021,4,"էրեբունի",73,801,"Երևան"
"2021-05-31",2021,5,"էրեբունի",82,839,"Երևան"
"2021-06-30",2021,6,"էրեբունի",92,868,"Երևան"
"2021-07-31",2021,7,"էրեբունի",77,865,"Երևան"
"2021-08-31",2021,8,"էրեբունի",92,858,"Երևան"
"2021-09-30",2021,9,"էրեբունի",90,852,"Երևան"
"2021-10-31",2021,10,"էրեբունի",87,852,"Երևան"
"2021-11-30",2021,11,"էրեբունի",80,891,"Երևան"
"2021-12-31",2021,12,"էրեբունի",94,937,"Երևան"
"2022-01-31",2022,1,"էրեբունի",64,980,"Երևան"
"2022-02-28",2022,2,"էրեբունի",65,988,"Երևան"
"2022-03-31",2022,3,"էրեբունի",78,974,"Երևան"
"2022-04-30",2022,4,"էրեբունի",81,982,"Երևան"
"2022-05-31",2022,5,"էրեբունի",108,1008,"Երևան"
"2022-06-30",2022,6,"էրեբունի",121,1037,"Երևան"
"2022-07-31",2022,7,"էրեբունի",83,1043,"Երևան"
"2022-08-31",2022,8,"էրեբունի",78,1029,"Երևան"
"2022-09-30",2022,9,"էրեբունի",77,1016,"Երևան"
"2022-10-31",2022,10,"էրեբունի",71,1000,"Երևան"
"2022-11-30",2022,11,"էրեբունի",83,1003,"Երևան"
"2022-12-31",2022,12,"էրեբունի",105,1014,"Երևան"
"2023-01-31",2023,1,"էրեբունի",40,990,"Երևան"
"2023-02-28",2023,2,"էրեբունի",76,1001,"Երևան"
"2023-03-31",2023,3,"էրեբունի",67,990,"Երևան"
"2023-04-30",2023,4,"էրեբունի",80,989,"Երևան"
"2023-05-31",2023,5,"էրեբունի",62,943,"Երևան"
"2023-06-30",2023,6,"էրեբունի",76,898,"Երևան"
"2023-07-31",2023,7,"էրեբունի",62,877,"Երևան"
"2023-08-31",2023,8,"էրեբունի",74,873,"Երևան"
"2023-09-30",2023,9,"էրեբունի",50,846,"Երևան"
"2023-10-31",2023,10,"էրեբունի",79,854,"Երևան"
"2023-11-30",2023,11,"էրեբունի",66,837,"Երևան"
"2023-12-31",2023,12,"էրեբունի",69,801,"Երևան"
"2024-01-31",2024,1,"էրեբունի",76,837,"Երևան"
