country,cities,indicator_group,indicator,city_urls,mean_price,min_range,max_range,info_entries,info_contributers,last_update
Belarus,Minsk,Restaurants,"Meal, Inexpensive Restaurant",https://www.numbeo.com/cost-of-living/in/Minsk?displayCurrency=USD,7.57,4.54,15.15,2053,0,2023-12-01
Belarus,Minsk,Restaurants,"Meal for 2 People, Mid-range Restaurant, Three-course",https://www.numbeo.com/cost-of-living/in/Minsk?displayCurrency=USD,33.33,24.24,54.54,2053,0,2023-12-01
Belarus,Minsk,Restaurants,McMeal at McDonalds (or Equivalent Combo Meal),https://www.numbeo.com/cost-of-living/in/Minsk?displayCurrency=USD,4.54,3.8,6.06,2053,0,2023-12-01
Belarus,Minsk,Restaurants,Domestic Beer (0.5 liter draught),https://www.numbeo.com/cost-of-living/in/Minsk?displayCurrency=USD,1.21,0.61,2.42,2053,0,2023-12-01
Belarus,Minsk,Restaurants,Imported Beer (0.33 liter bottle),https://www.numbeo.com/cost-of-living/in/Minsk?displayCurrency=USD,1.82,1.21,3.03,2053,0,2023-12-01
Belarus,Minsk,Restaurants,Cappuccino (regular),https://www.numbeo.com/cost-of-living/in/Minsk?displayCurrency=USD,1.52,0.91,2.12,2053,0,2023-12-01
Belarus,Minsk,Restaurants,Coke/Pepsi (0.33 liter bottle),https://www.numbeo.com/cost-of-living/in/Minsk?displayCurrency=USD,0.74,0.45,1.51,2053,0,2023-12-01
Belarus,Minsk,Restaurants,Water (0.33 liter bottle),https://www.numbeo.com/cost-of-living/in/Minsk?displayCurrency=USD,0.38,0.3,0.91,2053,0,2023-12-01
Belarus,Minsk,Markets,"Milk (regular), (1 liter)",https://www.numbeo.com/cost-of-living/in/Minsk?displayCurrency=USD,0.65,0.52,0.91,2053,0,2023-12-01
Belarus,Minsk,Markets,Loaf of Fresh White Bread (500g),https://www.numbeo.com/cost-of-living/in/Minsk?displayCurrency=USD,0.55,0.39,0.8200000000000001,2053,0,2023-12-01
Belarus,Minsk,Markets,"Rice (white), (1kg)",https://www.numbeo.com/cost-of-living/in/Minsk?displayCurrency=USD,1.15,0.76,1.82,2053,0,2023-12-01
Belarus,Minsk,Markets,Eggs (regular) (12),https://www.numbeo.com/cost-of-living/in/Minsk?displayCurrency=USD,1.1900000000000002,1.02,1.45,2053,0,2023-12-01
Belarus,Minsk,Markets,Local Cheese (1kg),https://www.numbeo.com/cost-of-living/in/Minsk?displayCurrency=USD,6.159999999999999,4.85,10,2053,0,2023-12-01
Belarus,Minsk,Markets,Chicken Fillets (1kg),https://www.numbeo.com/cost-of-living/in/Minsk?displayCurrency=USD,3.61,2.64,4.119999999999999,2053,0,2023-12-01
Belarus,Minsk,Markets,Beef Round (1kg) (or Equivalent Back Leg Red Meat),https://www.numbeo.com/cost-of-living/in/Minsk?displayCurrency=USD,6.98,4.85,10,2053,0,2023-12-01
Belarus,Minsk,Markets,Apples (1kg),https://www.numbeo.com/cost-of-living/in/Minsk?displayCurrency=USD,0.95,0.61,1.51,2053,0,2023-12-01
Belarus,Minsk,Markets,Banana (1kg),https://www.numbeo.com/cost-of-living/in/Minsk?displayCurrency=USD,1.59,1.21,2.05,2053,0,2023-12-01
Belarus,Minsk,Markets,Oranges (1kg),https://www.numbeo.com/cost-of-living/in/Minsk?displayCurrency=USD,1.6,1.06,2.12,2053,0,2023-12-01
Belarus,Minsk,Markets,Tomato (1kg),https://www.numbeo.com/cost-of-living/in/Minsk?displayCurrency=USD,1.92,1,2.73,2053,0,2023-12-01
Belarus,Minsk,Markets,Potato (1kg),https://www.numbeo.com/cost-of-living/in/Minsk?displayCurrency=USD,0.52,0.24,0.91,2053,0,2023-12-01
Belarus,Minsk,Markets,Onion (1kg),https://www.numbeo.com/cost-of-living/in/Minsk?displayCurrency=USD,0.6599999999999999,0.3,1.04,2053,0,2023-12-01
Belarus,Minsk,Markets,Lettuce (1 head),https://www.numbeo.com/cost-of-living/in/Minsk?displayCurrency=USD,1.27,0.3,2.42,2053,0,2023-12-01
Belarus,Minsk,Markets,Water (1.5 liter bottle),https://www.numbeo.com/cost-of-living/in/Minsk?displayCurrency=USD,0.54,0.39,0.64,2053,0,2023-12-01
Belarus,Minsk,Markets,Bottle of Wine (Mid-Range),https://www.numbeo.com/cost-of-living/in/Minsk?displayCurrency=USD,7.57,3.64,10.6,2053,0,2023-12-01
Belarus,Minsk,Markets,Domestic Beer (0.5 liter bottle),https://www.numbeo.com/cost-of-living/in/Minsk?displayCurrency=USD,0.8400000000000001,0.61,1.21,2053,0,2023-12-01
Belarus,Minsk,Markets,Imported Beer (0.33 liter bottle),https://www.numbeo.com/cost-of-living/in/Minsk?displayCurrency=USD,1.53,1.06,2.73,2053,0,2023-12-01
Belarus,Minsk,Markets,Cigarettes 20 Pack (Marlboro),https://www.numbeo.com/cost-of-living/in/Minsk?displayCurrency=USD,1.51,1.21,2,2053,0,2023-12-01
Belarus,Minsk,Transportation,One-way Ticket (Local Transport),https://www.numbeo.com/cost-of-living/in/Minsk?displayCurrency=USD,0.27,0.26,0.3,2053,0,2023-12-01
Belarus,Minsk,Transportation,Monthly Pass (Regular Price),https://www.numbeo.com/cost-of-living/in/Minsk?displayCurrency=USD,15.38,11.51,21.17,2053,0,2023-12-01
Belarus,Minsk,Transportation,Taxi Start (Normal Tariff),https://www.numbeo.com/cost-of-living/in/Minsk?displayCurrency=USD,1.21,0.91,2.42,2053,0,2023-12-01
Belarus,Minsk,Transportation,Taxi 1km (Normal Tariff),https://www.numbeo.com/cost-of-living/in/Minsk?displayCurrency=USD,0.3,0.15000000000000002,0.61,2053,0,2023-12-01
Belarus,Minsk,Transportation,Taxi 1hour Waiting (Normal Tariff),https://www.numbeo.com/cost-of-living/in/Minsk?displayCurrency=USD,6.03,5.45,9.09,2053,0,2023-12-01
Belarus,Minsk,Transportation,Gasoline (1 liter),https://www.numbeo.com/cost-of-living/in/Minsk?displayCurrency=USD,0.73,0.72,0.8200000000000001,2053,0,2023-12-01
Belarus,Minsk,Transportation,Volkswagen Golf 1.4 90 KW Trendline (Or Equivalent New Car),https://www.numbeo.com/cost-of-living/in/Minsk?displayCurrency=USD,21209.66,12422.8,23000,2053,0,2023-12-01
Belarus,Minsk,Transportation,Toyota Corolla Sedan 1.6l 97kW Comfort (Or Equivalent New Car),https://www.numbeo.com/cost-of-living/in/Minsk?displayCurrency=USD,23902.72,21209.66,30299.51,2053,0,2023-12-01
Belarus,Minsk,Utilities (Monthly),"Basic (Electricity, Heating, Cooling, Water, Garbage) for 85m2 Apartment",https://www.numbeo.com/cost-of-living/in/Minsk?displayCurrency=USD,49,34.339999999999996,74.4,2053,0,2023-12-01
Belarus,Minsk,Utilities (Monthly),Mobile Phone Monthly Plan with Calls and 10GB+ Data,https://www.numbeo.com/cost-of-living/in/Minsk?displayCurrency=USD,7.76,4.54,9.09,2053,0,2023-12-01
Belarus,Minsk,Utilities (Monthly),"Internet (60 Mbps or More, Unlimited Data, Cable/ADSL)",https://www.numbeo.com/cost-of-living/in/Minsk?displayCurrency=USD,10.61,8.18,13,2053,0,2023-12-01
Belarus,Minsk,Sports And Leisure,"Fitness Club, Monthly Fee for 1 Adult",https://www.numbeo.com/cost-of-living/in/Minsk?displayCurrency=USD,31.75,24.24,45.45,2053,0,2023-12-01
Belarus,Minsk,Sports And Leisure,Tennis Court Rent (1 Hour on Weekend),https://www.numbeo.com/cost-of-living/in/Minsk?displayCurrency=USD,12.97,9.09,15.91,2053,0,2023-12-01
Belarus,Minsk,Sports And Leisure,"Cinema, International Release, 1 Seat",https://www.numbeo.com/cost-of-living/in/Minsk?displayCurrency=USD,4.54,3.03,6.06,2053,0,2023-12-01
Belarus,Minsk,Childcare,"Preschool (or Kindergarten), Full Day, Private, Monthly for 1 Child",https://www.numbeo.com/cost-of-living/in/Minsk?displayCurrency=USD,336.37,287.85,393.89,2053,0,2023-12-01
Belarus,Minsk,Childcare,"International Primary School, Yearly for 1 Child",https://www.numbeo.com/cost-of-living/in/Minsk?displayCurrency=USD,6665.89,6059.9,7271.88,2053,0,2023-12-01
Belarus,Minsk,Clothing And Shoes,1 Pair of Jeans (Levis 501 Or Similar),https://www.numbeo.com/cost-of-living/in/Minsk?displayCurrency=USD,58.879999999999995,21.21,135,2053,0,2023-12-01
Belarus,Minsk,Clothing And Shoes,"1 Summer Dress in a Chain Store (Zara, H&M, ...)",https://www.numbeo.com/cost-of-living/in/Minsk?displayCurrency=USD,42.54,18.18,75.75,2053,0,2023-12-01
Belarus,Minsk,Clothing And Shoes,1 Pair of Nike Running Shoes (Mid-Range),https://www.numbeo.com/cost-of-living/in/Minsk?displayCurrency=USD,90.55,60.6,121.2,2053,0,2023-12-01
Belarus,Minsk,Clothing And Shoes,1 Pair of Men Leather Business Shoes,https://www.numbeo.com/cost-of-living/in/Minsk?displayCurrency=USD,97.58,39.39,181.8,2053,0,2023-12-01
Belarus,Minsk,Rent Per Month,Apartment (1 bedroom) in City Centre,https://www.numbeo.com/cost-of-living/in/Minsk?displayCurrency=USD,384.22,248.46,600,2053,0,2023-12-01
Belarus,Minsk,Rent Per Month,Apartment (1 bedroom) Outside of Centre,https://www.numbeo.com/cost-of-living/in/Minsk?displayCurrency=USD,241.56,181.8,380,2053,0,2023-12-01
Belarus,Minsk,Rent Per Month,Apartment (3 bedrooms) in City Centre,https://www.numbeo.com/cost-of-living/in/Minsk?displayCurrency=USD,679.51,500,1060.48,2053,0,2023-12-01
Belarus,Minsk,Rent Per Month,Apartment (3 bedrooms) Outside of Centre,https://www.numbeo.com/cost-of-living/in/Minsk?displayCurrency=USD,435.79,333.28999999999996,700,2053,0,2023-12-01
Belarus,Minsk,Buy Apartment Price,Price per Square Meter to Buy Apartment in City Centre,https://www.numbeo.com/cost-of-living/in/Minsk?displayCurrency=USD,1792.46,1363.48,3000,2053,0,2023-12-01
Belarus,Minsk,Buy Apartment Price,Price per Square Meter to Buy Apartment Outside of Centre,https://www.numbeo.com/cost-of-living/in/Minsk?displayCurrency=USD,1146.37,908.99,1500,2053,0,2023-12-01
Belarus,Minsk,Salaries And Financing,Average Monthly Net Salary (After Tax),https://www.numbeo.com/cost-of-living/in/Minsk?displayCurrency=USD,537.19,NA,NA,2053,0,2023-12-01
Belarus,Minsk,Salaries And Financing,"Mortgage Interest Rate in Percentages (%), Yearly, for 20 Years Fixed-Rate",https://www.numbeo.com/cost-of-living/in/Minsk?displayCurrency=USD,18,13,23,2053,0,2023-12-01
Russia,Moscow,Restaurants,"Meal, Inexpensive Restaurant",https://www.numbeo.com/cost-of-living/in/Moscow?displayCurrency=USD,7.99,4.359999999999999,16.35,10819,1,2023-12-01
Russia,Moscow,Restaurants,"Meal for 2 People, Mid-range Restaurant, Three-course",https://www.numbeo.com/cost-of-living/in/Moscow?displayCurrency=USD,34,26.16,65.39,10819,1,2023-12-01
Russia,Moscow,Restaurants,McMeal at McDonalds (or Equivalent Combo Meal),https://www.numbeo.com/cost-of-living/in/Moscow?displayCurrency=USD,4.359999999999999,3.81,5.45,10819,1,2023-12-01
Russia,Moscow,Restaurants,Domestic Beer (0.5 liter draught),https://www.numbeo.com/cost-of-living/in/Moscow?displayCurrency=USD,3.27,1.63,3.81,10819,1,2023-12-01
Russia,Moscow,Restaurants,Imported Beer (0.33 liter bottle),https://www.numbeo.com/cost-of-living/in/Moscow?displayCurrency=USD,2.72,1.63,5.45,10819,1,2023-12-01
Russia,Moscow,Restaurants,Cappuccino (regular),https://www.numbeo.com/cost-of-living/in/Moscow?displayCurrency=USD,2.48,1.31,3.81,10819,1,2023-12-01
Russia,Moscow,Restaurants,Coke/Pepsi (0.33 liter bottle),https://www.numbeo.com/cost-of-living/in/Moscow?displayCurrency=USD,1.01,0.71,1.63,10819,1,2023-12-01
Russia,Moscow,Restaurants,Water (0.33 liter bottle),https://www.numbeo.com/cost-of-living/in/Moscow?displayCurrency=USD,0.54,0.32999999999999996,1.09,10819,1,2023-12-01
Russia,Moscow,Markets,"Milk (regular), (1 liter)",https://www.numbeo.com/cost-of-living/in/Moscow?displayCurrency=USD,0.93,0.76,1.09,10819,1,2023-12-01
Russia,Moscow,Markets,Loaf of Fresh White Bread (500g),https://www.numbeo.com/cost-of-living/in/Moscow?displayCurrency=USD,0.6,0.44,1.09,10819,1,2023-12-01
Russia,Moscow,Markets,"Rice (white), (1kg)",https://www.numbeo.com/cost-of-living/in/Moscow?displayCurrency=USD,1.25,0.8700000000000001,1.8,10819,1,2023-12-01
Russia,Moscow,Markets,Eggs (regular) (12),https://www.numbeo.com/cost-of-living/in/Moscow?displayCurrency=USD,1.41,1.05,1.83,10819,1,2023-12-01
Russia,Moscow,Markets,Local Cheese (1kg),https://www.numbeo.com/cost-of-living/in/Moscow?displayCurrency=USD,8.850000000000001,5.45,16.35,10819,1,2023-12-01
Russia,Moscow,Markets,Chicken Fillets (1kg),https://www.numbeo.com/cost-of-living/in/Moscow?displayCurrency=USD,4.1499999999999995,2.72,5.45,10819,1,2023-12-01
Russia,Moscow,Markets,Beef Round (1kg) (or Equivalent Back Leg Red Meat),https://www.numbeo.com/cost-of-living/in/Moscow?displayCurrency=USD,7.92,5.119999999999999,10.9,10819,1,2023-12-01
Russia,Moscow,Markets,Apples (1kg),https://www.numbeo.com/cost-of-living/in/Moscow?displayCurrency=USD,1.29,0.71,1.63,10819,1,2023-12-01
Russia,Moscow,Markets,Banana (1kg),https://www.numbeo.com/cost-of-living/in/Moscow?displayCurrency=USD,1.22,0.8700000000000001,1.63,10819,1,2023-12-01
Russia,Moscow,Markets,Oranges (1kg),https://www.numbeo.com/cost-of-living/in/Moscow?displayCurrency=USD,1.7,0.76,2.72,10819,1,2023-12-01
Russia,Moscow,Markets,Tomato (1kg),https://www.numbeo.com/cost-of-living/in/Moscow?displayCurrency=USD,2.2,0.8700000000000001,3.81,10819,1,2023-12-01
Russia,Moscow,Markets,Potato (1kg),https://www.numbeo.com/cost-of-living/in/Moscow?displayCurrency=USD,0.51,0.26,0.8700000000000001,10819,1,2023-12-01
Russia,Moscow,Markets,Onion (1kg),https://www.numbeo.com/cost-of-living/in/Moscow?displayCurrency=USD,0.51,0.32,0.8700000000000001,10819,1,2023-12-01
Russia,Moscow,Markets,Lettuce (1 head),https://www.numbeo.com/cost-of-living/in/Moscow?displayCurrency=USD,1.08,0.54,1.63,10819,1,2023-12-01
Russia,Moscow,Markets,Water (1.5 liter bottle),https://www.numbeo.com/cost-of-living/in/Moscow?displayCurrency=USD,0.5700000000000001,0.39,0.8700000000000001,10819,1,2023-12-01
Russia,Moscow,Markets,Bottle of Wine (Mid-Range),https://www.numbeo.com/cost-of-living/in/Moscow?displayCurrency=USD,6.54,3.81,10.9,10819,1,2023-12-01
Russia,Moscow,Markets,Domestic Beer (0.5 liter bottle),https://www.numbeo.com/cost-of-living/in/Moscow?displayCurrency=USD,0.8,0.54,1.09,10819,1,2023-12-01
Russia,Moscow,Markets,Imported Beer (0.33 liter bottle),https://www.numbeo.com/cost-of-living/in/Moscow?displayCurrency=USD,1.6900000000000002,0.98,2.72,10819,1,2023-12-01
Russia,Moscow,Markets,Cigarettes 20 Pack (Marlboro),https://www.numbeo.com/cost-of-living/in/Moscow?displayCurrency=USD,2.4,1.96,2.72,10819,1,2023-12-01
Russia,Moscow,Transportation,One-way Ticket (Local Transport),https://www.numbeo.com/cost-of-living/in/Moscow?displayCurrency=USD,0.61,0.54,0.71,10819,1,2023-12-01
Russia,Moscow,Transportation,Monthly Pass (Regular Price),https://www.numbeo.com/cost-of-living/in/Moscow?displayCurrency=USD,27.68,23.979999999999997,32.8,10819,1,2023-12-01
Russia,Moscow,Transportation,Taxi Start (Normal Tariff),https://www.numbeo.com/cost-of-living/in/Moscow?displayCurrency=USD,2.18,1.43,4.359999999999999,10819,1,2023-12-01
Russia,Moscow,Transportation,Taxi 1km (Normal Tariff),https://www.numbeo.com/cost-of-living/in/Moscow?displayCurrency=USD,0.32999999999999996,0.13,0.76,10819,1,2023-12-01
Russia,Moscow,Transportation,Taxi 1hour Waiting (Normal Tariff),https://www.numbeo.com/cost-of-living/in/Moscow?displayCurrency=USD,5.89,4.359999999999999,10.9,10819,1,2023-12-01
Russia,Moscow,Transportation,Gasoline (1 liter),https://www.numbeo.com/cost-of-living/in/Moscow?displayCurrency=USD,0.6,0.53,0.65,10819,1,2023-12-01
Russia,Moscow,Transportation,Volkswagen Golf 1.4 90 KW Trendline (Or Equivalent New Car),https://www.numbeo.com/cost-of-living/in/Moscow?displayCurrency=USD,32695.77,23976.89,39234.92,10819,1,2023-12-01
Russia,Moscow,Transportation,Toyota Corolla Sedan 1.6l 97kW Comfort (Or Equivalent New Car),https://www.numbeo.com/cost-of-living/in/Moscow?displayCurrency=USD,32195.99,27246.47,40324.78,10819,1,2023-12-01
Russia,Moscow,Utilities (Monthly),"Basic (Electricity, Heating, Cooling, Water, Garbage) for 85m2 Apartment",https://www.numbeo.com/cost-of-living/in/Moscow?displayCurrency=USD,107.17,74.11,154.4,10819,1,2023-12-01
Russia,Moscow,Utilities (Monthly),Mobile Phone Monthly Plan with Calls and 10GB+ Data,https://www.numbeo.com/cost-of-living/in/Moscow?displayCurrency=USD,6.21,3.27,9.81,10819,1,2023-12-01
Russia,Moscow,Utilities (Monthly),"Internet (60 Mbps or More, Unlimited Data, Cable/ADSL)",https://www.numbeo.com/cost-of-living/in/Moscow?displayCurrency=USD,5.619999999999999,4.359999999999999,7.63,10819,1,2023-12-01
Russia,Moscow,Sports And Leisure,"Fitness Club, Monthly Fee for 1 Adult",https://www.numbeo.com/cost-of-living/in/Moscow?displayCurrency=USD,33.42,16.35,65.39,10819,1,2023-12-01
Russia,Moscow,Sports And Leisure,Tennis Court Rent (1 Hour on Weekend),https://www.numbeo.com/cost-of-living/in/Moscow?displayCurrency=USD,24.69,16.35,32.7,10819,1,2023-12-01
Russia,Moscow,Sports And Leisure,"Cinema, International Release, 1 Seat",https://www.numbeo.com/cost-of-living/in/Moscow?displayCurrency=USD,5.45,4.359999999999999,7.63,10819,1,2023-12-01
Russia,Moscow,Childcare,"Preschool (or Kindergarten), Full Day, Private, Monthly for 1 Child",https://www.numbeo.com/cost-of-living/in/Moscow?displayCurrency=USD,447.55,272.46,708.41,10819,1,2023-12-01
Russia,Moscow,Childcare,"International Primary School, Yearly for 1 Child",https://www.numbeo.com/cost-of-living/in/Moscow?displayCurrency=USD,10223.1,6539.1500000000005,16347.88,10819,1,2023-12-01
Russia,Moscow,Clothing And Shoes,1 Pair of Jeans (Levis 501 Or Similar),https://www.numbeo.com/cost-of-living/in/Moscow?displayCurrency=USD,75.52,32.7,130.78,10819,1,2023-12-01
Russia,Moscow,Clothing And Shoes,"1 Summer Dress in a Chain Store (Zara, H&M, ...)",https://www.numbeo.com/cost-of-living/in/Moscow?displayCurrency=USD,41.86,21.8,81.74000000000001,10819,1,2023-12-01
Russia,Moscow,Clothing And Shoes,1 Pair of Nike Running Shoes (Mid-Range),https://www.numbeo.com/cost-of-living/in/Moscow?displayCurrency=USD,109.53,54.49,174.38000000000002,10819,1,2023-12-01
Russia,Moscow,Clothing And Shoes,1 Pair of Men Leather Business Shoes,https://www.numbeo.com/cost-of-living/in/Moscow?displayCurrency=USD,100.91,43.59,217.97,10819,1,2023-12-01
Russia,Moscow,Rent Per Month,Apartment (1 bedroom) in City Centre,https://www.numbeo.com/cost-of-living/in/Moscow?displayCurrency=USD,771.93,599.42,1089.86,10819,1,2023-12-01
Russia,Moscow,Rent Per Month,Apartment (1 bedroom) Outside of Centre,https://www.numbeo.com/cost-of-living/in/Moscow?displayCurrency=USD,464.72,381.45,653.92,10819,1,2023-12-01
Russia,Moscow,Rent Per Month,Apartment (3 bedrooms) in City Centre,https://www.numbeo.com/cost-of-living/in/Moscow?displayCurrency=USD,1638.74,1089.86,3269.58,10819,1,2023-12-01
Russia,Moscow,Rent Per Month,Apartment (3 bedrooms) Outside of Centre,https://www.numbeo.com/cost-of-living/in/Moscow?displayCurrency=USD,893.9599999999999,653.92,1307.83,10819,1,2023-12-01
Russia,Moscow,Buy Apartment Price,Price per Square Meter to Buy Apartment in City Centre,https://www.numbeo.com/cost-of-living/in/Moscow?displayCurrency=USD,5284.46,3923.49,9263.8,10819,1,2023-12-01
Russia,Moscow,Buy Apartment Price,Price per Square Meter to Buy Apartment Outside of Centre,https://www.numbeo.com/cost-of-living/in/Moscow?displayCurrency=USD,2913.3,2288.7,4359.44,10819,1,2023-12-01
Russia,Moscow,Salaries And Financing,Average Monthly Net Salary (After Tax),https://www.numbeo.com/cost-of-living/in/Moscow?displayCurrency=USD,1125.29,NA,NA,10819,1,2023-12-01
Russia,Moscow,Salaries And Financing,"Mortgage Interest Rate in Percentages (%), Yearly, for 20 Years Fixed-Rate",https://www.numbeo.com/cost-of-living/in/Moscow?displayCurrency=USD,11.61,8,15,10819,1,2023-12-01
Turkey,Istanbul,Restaurants,"Meal, Inexpensive Restaurant",https://www.numbeo.com/cost-of-living/in/Istanbul?displayCurrency=USD,8.51,5.109999999999999,12.32,15681,7,2023-12-01
Turkey,Istanbul,Restaurants,"Meal for 2 People, Mid-range Restaurant, Three-course",https://www.numbeo.com/cost-of-living/in/Istanbul?displayCurrency=USD,34.05,20.43,59.13,15681,7,2023-12-01
Turkey,Istanbul,Restaurants,McMeal at McDonalds (or Equivalent Combo Meal),https://www.numbeo.com/cost-of-living/in/Istanbul?displayCurrency=USD,6.3,5.45,7.49,15681,7,2023-12-01
Turkey,Istanbul,Restaurants,Domestic Beer (0.5 liter draught),https://www.numbeo.com/cost-of-living/in/Istanbul?displayCurrency=USD,3.06,1.7,4.7700000000000005,15681,7,2023-12-01
Turkey,Istanbul,Restaurants,Imported Beer (0.33 liter bottle),https://www.numbeo.com/cost-of-living/in/Istanbul?displayCurrency=USD,4.09,2.38,6.13,15681,7,2023-12-01
Turkey,Istanbul,Restaurants,Cappuccino (regular),https://www.numbeo.com/cost-of-living/in/Istanbul?displayCurrency=USD,2.5,1.7,3.4099999999999997,15681,7,2023-12-01
Turkey,Istanbul,Restaurants,Coke/Pepsi (0.33 liter bottle),https://www.numbeo.com/cost-of-living/in/Istanbul?displayCurrency=USD,1.06,0.6799999999999999,1.7,15681,7,2023-12-01
Turkey,Istanbul,Restaurants,Water (0.33 liter bottle),https://www.numbeo.com/cost-of-living/in/Istanbul?displayCurrency=USD,0.42,0.24,1.02,15681,7,2023-12-01
Turkey,Istanbul,Markets,"Milk (regular), (1 liter)",https://www.numbeo.com/cost-of-living/in/Istanbul?displayCurrency=USD,1.04,0.73,1.36,15681,7,2023-12-01
Turkey,Istanbul,Markets,Loaf of Fresh White Bread (500g),https://www.numbeo.com/cost-of-living/in/Istanbul?displayCurrency=USD,0.54,0.27,1.02,15681,7,2023-12-01
Turkey,Istanbul,Markets,"Rice (white), (1kg)",https://www.numbeo.com/cost-of-living/in/Istanbul?displayCurrency=USD,1.59,1.02,2.4,15681,7,2023-12-01
Turkey,Istanbul,Markets,Eggs (regular) (12),https://www.numbeo.com/cost-of-living/in/Istanbul?displayCurrency=USD,1.99,1.23,2.86,15681,7,2023-12-01
Turkey,Istanbul,Markets,Local Cheese (1kg),https://www.numbeo.com/cost-of-living/in/Istanbul?displayCurrency=USD,7.65,4.22,12.43,15681,7,2023-12-01
Turkey,Istanbul,Markets,Chicken Fillets (1kg),https://www.numbeo.com/cost-of-living/in/Istanbul?displayCurrency=USD,5.4,2.72,7.74,15681,7,2023-12-01
Turkey,Istanbul,Markets,Beef Round (1kg) (or Equivalent Back Leg Red Meat),https://www.numbeo.com/cost-of-living/in/Istanbul?displayCurrency=USD,13.9,10.22,20.43,15681,7,2023-12-01
Turkey,Istanbul,Markets,Apples (1kg),https://www.numbeo.com/cost-of-living/in/Istanbul?displayCurrency=USD,1.14,0.6799999999999999,1.53,15681,7,2023-12-01
Turkey,Istanbul,Markets,Banana (1kg),https://www.numbeo.com/cost-of-living/in/Istanbul?displayCurrency=USD,1.6700000000000002,1.1900000000000002,2.72,15681,7,2023-12-01
Turkey,Istanbul,Markets,Oranges (1kg),https://www.numbeo.com/cost-of-living/in/Istanbul?displayCurrency=USD,1.14,0.6799999999999999,1.7,15681,7,2023-12-01
Turkey,Istanbul,Markets,Tomato (1kg),https://www.numbeo.com/cost-of-living/in/Istanbul?displayCurrency=USD,1,0.51,1.53,15681,7,2023-12-01
Turkey,Istanbul,Markets,Potato (1kg),https://www.numbeo.com/cost-of-living/in/Istanbul?displayCurrency=USD,0.6799999999999999,0.41,1.02,15681,7,2023-12-01
Turkey,Istanbul,Markets,Onion (1kg),https://www.numbeo.com/cost-of-living/in/Istanbul?displayCurrency=USD,0.55,0.31,1.02,15681,7,2023-12-01
Turkey,Istanbul,Markets,Lettuce (1 head),https://www.numbeo.com/cost-of-living/in/Istanbul?displayCurrency=USD,0.9,0.51,1.36,15681,7,2023-12-01
Turkey,Istanbul,Markets,Water (1.5 liter bottle),https://www.numbeo.com/cost-of-living/in/Istanbul?displayCurrency=USD,0.38,0.14,0.6799999999999999,15681,7,2023-12-01
Turkey,Istanbul,Markets,Bottle of Wine (Mid-Range),https://www.numbeo.com/cost-of-living/in/Istanbul?displayCurrency=USD,8.51,5.79,15.32,15681,7,2023-12-01
Turkey,Istanbul,Markets,Domestic Beer (0.5 liter bottle),https://www.numbeo.com/cost-of-living/in/Istanbul?displayCurrency=USD,1.71,1.36,2.55,15681,7,2023-12-01
Turkey,Istanbul,Markets,Imported Beer (0.33 liter bottle),https://www.numbeo.com/cost-of-living/in/Istanbul?displayCurrency=USD,2.4499999999999997,1.53,4.09,15681,7,2023-12-01
Turkey,Istanbul,Markets,Cigarettes 20 Pack (Marlboro),https://www.numbeo.com/cost-of-living/in/Istanbul?displayCurrency=USD,1.87,1.6,2.04,15681,7,2023-12-01
Turkey,Istanbul,Transportation,One-way Ticket (Local Transport),https://www.numbeo.com/cost-of-living/in/Istanbul?displayCurrency=USD,0.51,0.51,0.6799999999999999,15681,7,2023-12-01
Turkey,Istanbul,Transportation,Monthly Pass (Regular Price),https://www.numbeo.com/cost-of-living/in/Istanbul?displayCurrency=USD,40.08,26.22,40.08,15681,7,2023-12-01
Turkey,Istanbul,Transportation,Taxi Start (Normal Tariff),https://www.numbeo.com/cost-of-living/in/Istanbul?displayCurrency=USD,0.65,0.44,1.02,15681,7,2023-12-01
Turkey,Istanbul,Transportation,Taxi 1km (Normal Tariff),https://www.numbeo.com/cost-of-living/in/Istanbul?displayCurrency=USD,0.47,0.29000000000000004,0.6799999999999999,15681,7,2023-12-01
Turkey,Istanbul,Transportation,Taxi 1hour Waiting (Normal Tariff),https://www.numbeo.com/cost-of-living/in/Istanbul?displayCurrency=USD,5.2,3.4099999999999997,6.81,15681,7,2023-12-01
Turkey,Istanbul,Transportation,Gasoline (1 liter),https://www.numbeo.com/cost-of-living/in/Istanbul?displayCurrency=USD,1.27,1.16,1.36,15681,7,2023-12-01
Turkey,Istanbul,Transportation,Volkswagen Golf 1.4 90 KW Trendline (Or Equivalent New Car),https://www.numbeo.com/cost-of-living/in/Istanbul?displayCurrency=USD,43157.3,37457.03,51077.759999999995,15681,7,2023-12-01
Turkey,Istanbul,Transportation,Toyota Corolla Sedan 1.6l 97kW Comfort (Or Equivalent New Car),https://www.numbeo.com/cost-of-living/in/Istanbul?displayCurrency=USD,42246.810000000005,37457.03,49375.17,15681,7,2023-12-01
Turkey,Istanbul,Utilities (Monthly),"Basic (Electricity, Heating, Cooling, Water, Garbage) for 85m2 Apartment",https://www.numbeo.com/cost-of-living/in/Istanbul?displayCurrency=USD,58.9,34.05,102.16,15681,7,2023-12-01
Turkey,Istanbul,Utilities (Monthly),Mobile Phone Monthly Plan with Calls and 10GB+ Data,https://www.numbeo.com/cost-of-living/in/Istanbul?displayCurrency=USD,7.41,5.109999999999999,10.22,15681,7,2023-12-01
Turkey,Istanbul,Utilities (Monthly),"Internet (60 Mbps or More, Unlimited Data, Cable/ADSL)",https://www.numbeo.com/cost-of-living/in/Istanbul?displayCurrency=USD,9.75,7.83,13.62,15681,7,2023-12-01
Turkey,Istanbul,Sports And Leisure,"Fitness Club, Monthly Fee for 1 Adult",https://www.numbeo.com/cost-of-living/in/Istanbul?displayCurrency=USD,33.9,14.19,66.4,15681,7,2023-12-01
Turkey,Istanbul,Sports And Leisure,Tennis Court Rent (1 Hour on Weekend),https://www.numbeo.com/cost-of-living/in/Istanbul?displayCurrency=USD,12.6,8.51,17.03,15681,7,2023-12-01
Turkey,Istanbul,Sports And Leisure,"Cinema, International Release, 1 Seat",https://www.numbeo.com/cost-of-living/in/Istanbul?displayCurrency=USD,5.109999999999999,3.4099999999999997,6.98,15681,7,2023-12-01
Turkey,Istanbul,Childcare,"Preschool (or Kindergarten), Full Day, Private, Monthly for 1 Child",https://www.numbeo.com/cost-of-living/in/Istanbul?displayCurrency=USD,395.96,272.40999999999997,681.04,15681,7,2023-12-01
Turkey,Istanbul,Childcare,"International Primary School, Yearly for 1 Child",https://www.numbeo.com/cost-of-living/in/Istanbul?displayCurrency=USD,8785.449999999999,4597,17025.920000000002,15681,7,2023-12-01
Turkey,Istanbul,Clothing And Shoes,1 Pair of Jeans (Levis 501 Or Similar),https://www.numbeo.com/cost-of-living/in/Istanbul?displayCurrency=USD,41.73,17.03,68.1,15681,7,2023-12-01
Turkey,Istanbul,Clothing And Shoes,"1 Summer Dress in a Chain Store (Zara, H&M, ...)",https://www.numbeo.com/cost-of-living/in/Istanbul?displayCurrency=USD,31.28,17.03,54.48,15681,7,2023-12-01
Turkey,Istanbul,Clothing And Shoes,1 Pair of Nike Running Shoes (Mid-Range),https://www.numbeo.com/cost-of-living/in/Istanbul?displayCurrency=USD,81.73,51.08,108.97,15681,7,2023-12-01
Turkey,Istanbul,Clothing And Shoes,1 Pair of Men Leather Business Shoes,https://www.numbeo.com/cost-of-living/in/Istanbul?displayCurrency=USD,73.82,34.05,119.18,15681,7,2023-12-01
Turkey,Istanbul,Rent Per Month,Apartment (1 bedroom) in City Centre,https://www.numbeo.com/cost-of-living/in/Istanbul?displayCurrency=USD,715.51,510.78,1021.56,15681,7,2023-12-01
Turkey,Istanbul,Rent Per Month,Apartment (1 bedroom) Outside of Centre,https://www.numbeo.com/cost-of-living/in/Istanbul?displayCurrency=USD,456.31,340.52,681.04,15681,7,2023-12-01
Turkey,Istanbul,Rent Per Month,Apartment (3 bedrooms) in City Centre,https://www.numbeo.com/cost-of-living/in/Istanbul?displayCurrency=USD,1399.98,1021.56,2213.3700000000003,15681,7,2023-12-01
Turkey,Istanbul,Rent Per Month,Apartment (3 bedrooms) Outside of Centre,https://www.numbeo.com/cost-of-living/in/Istanbul?displayCurrency=USD,848.41,612.93,1362.07,15681,7,2023-12-01
Turkey,Istanbul,Buy Apartment Price,Price per Square Meter to Buy Apartment in City Centre,https://www.numbeo.com/cost-of-living/in/Istanbul?displayCurrency=USD,2761.8300000000004,1792.1799999999998,5107.78,15681,7,2023-12-01
Turkey,Istanbul,Buy Apartment Price,Price per Square Meter to Buy Apartment Outside of Centre,https://www.numbeo.com/cost-of-living/in/Istanbul?displayCurrency=USD,1566.11,1021.56,3064.67,15681,7,2023-12-01
Turkey,Istanbul,Salaries And Financing,Average Monthly Net Salary (After Tax),https://www.numbeo.com/cost-of-living/in/Istanbul?displayCurrency=USD,632.09,NA,NA,15681,7,2023-12-01
Turkey,Istanbul,Salaries And Financing,"Mortgage Interest Rate in Percentages (%), Yearly, for 20 Years Fixed-Rate",https://www.numbeo.com/cost-of-living/in/Istanbul?displayCurrency=USD,30.29,18,48,15681,7,2023-12-01
Armenia,Yerevan,Restaurants,"Meal, Inexpensive Restaurant",https://www.numbeo.com/cost-of-living/in/Yerevan?displayCurrency=USD,9.75,4.94,19.74,2363,4,2023-12-01
Armenia,Yerevan,Restaurants,"Meal for 2 People, Mid-range Restaurant, Three-course",https://www.numbeo.com/cost-of-living/in/Yerevan?displayCurrency=USD,49.36,37.02,86.38,2363,4,2023-12-01
Armenia,Yerevan,Restaurants,McMeal at McDonalds (or Equivalent Combo Meal),https://www.numbeo.com/cost-of-living/in/Yerevan?displayCurrency=USD,7.4,6.17,8.639999999999999,2363,4,2023-12-01
Armenia,Yerevan,Restaurants,Domestic Beer (0.5 liter draught),https://www.numbeo.com/cost-of-living/in/Yerevan?displayCurrency=USD,1.97,1.11,3.46,2363,4,2023-12-01
Armenia,Yerevan,Restaurants,Imported Beer (0.33 liter bottle),https://www.numbeo.com/cost-of-living/in/Yerevan?displayCurrency=USD,2.96,1.73,4.94,2363,4,2023-12-01
Armenia,Yerevan,Restaurants,Cappuccino (regular),https://www.numbeo.com/cost-of-living/in/Yerevan?displayCurrency=USD,3.1,1.23,4.6899999999999995,2363,4,2023-12-01
Armenia,Yerevan,Restaurants,Coke/Pepsi (0.33 liter bottle),https://www.numbeo.com/cost-of-living/in/Yerevan?displayCurrency=USD,1.1,0.74,1.97,2363,4,2023-12-01
Armenia,Yerevan,Restaurants,Water (0.33 liter bottle),https://www.numbeo.com/cost-of-living/in/Yerevan?displayCurrency=USD,0.63,0.49,1.23,2363,4,2023-12-01
Armenia,Yerevan,Markets,"Milk (regular), (1 liter)",https://www.numbeo.com/cost-of-living/in/Yerevan?displayCurrency=USD,1.52,1.14,2.47,2363,4,2023-12-01
Armenia,Yerevan,Markets,Loaf of Fresh White Bread (500g),https://www.numbeo.com/cost-of-living/in/Yerevan?displayCurrency=USD,0.73,0.49,1.23,2363,4,2023-12-01
Armenia,Yerevan,Markets,"Rice (white), (1kg)",https://www.numbeo.com/cost-of-living/in/Yerevan?displayCurrency=USD,2.25,1.36,3.7,2363,4,2023-12-01
Armenia,Yerevan,Markets,Eggs (regular) (12),https://www.numbeo.com/cost-of-living/in/Yerevan?displayCurrency=USD,2.11,1.48,2.96,2363,4,2023-12-01
Armenia,Yerevan,Markets,Local Cheese (1kg),https://www.numbeo.com/cost-of-living/in/Yerevan?displayCurrency=USD,8.28,6.17,14.81,2363,4,2023-12-01
Armenia,Yerevan,Markets,Chicken Fillets (1kg),https://www.numbeo.com/cost-of-living/in/Yerevan?displayCurrency=USD,6.970000000000001,3.7,8.639999999999999,2363,4,2023-12-01
Armenia,Yerevan,Markets,Beef Round (1kg) (or Equivalent Back Leg Red Meat),https://www.numbeo.com/cost-of-living/in/Yerevan?displayCurrency=USD,11.239999999999998,8.639999999999999,16.04,2363,4,2023-12-01
Armenia,Yerevan,Markets,Apples (1kg),https://www.numbeo.com/cost-of-living/in/Yerevan?displayCurrency=USD,1.16,0.49,2.1,2363,4,2023-12-01
Armenia,Yerevan,Markets,Banana (1kg),https://www.numbeo.com/cost-of-living/in/Yerevan?displayCurrency=USD,1.6900000000000002,1.27,2.96,2363,4,2023-12-01
Armenia,Yerevan,Markets,Oranges (1kg),https://www.numbeo.com/cost-of-living/in/Yerevan?displayCurrency=USD,1.7,1.23,2.11,2363,4,2023-12-01
Armenia,Yerevan,Markets,Tomato (1kg),https://www.numbeo.com/cost-of-living/in/Yerevan?displayCurrency=USD,1.78,0.62,2.96,2363,4,2023-12-01
Armenia,Yerevan,Markets,Potato (1kg),https://www.numbeo.com/cost-of-living/in/Yerevan?displayCurrency=USD,0.73,0.4300000000000001,0.99,2363,4,2023-12-01
Armenia,Yerevan,Markets,Onion (1kg),https://www.numbeo.com/cost-of-living/in/Yerevan?displayCurrency=USD,0.69,0.49,0.99,2363,4,2023-12-01
Armenia,Yerevan,Markets,Lettuce (1 head),https://www.numbeo.com/cost-of-living/in/Yerevan?displayCurrency=USD,0.77,0.37,1.23,2363,4,2023-12-01
Armenia,Yerevan,Markets,Water (1.5 liter bottle),https://www.numbeo.com/cost-of-living/in/Yerevan?displayCurrency=USD,0.69,0.44,1.11,2363,4,2023-12-01
Armenia,Yerevan,Markets,Bottle of Wine (Mid-Range),https://www.numbeo.com/cost-of-living/in/Yerevan?displayCurrency=USD,8.639999999999999,4.94,12.34,2363,4,2023-12-01
Armenia,Yerevan,Markets,Domestic Beer (0.5 liter bottle),https://www.numbeo.com/cost-of-living/in/Yerevan?displayCurrency=USD,1.29,0.91,2.22,2363,4,2023-12-01
Armenia,Yerevan,Markets,Imported Beer (0.33 liter bottle),https://www.numbeo.com/cost-of-living/in/Yerevan?displayCurrency=USD,1.88,1.23,2.96,2363,4,2023-12-01
Armenia,Yerevan,Markets,Cigarettes 20 Pack (Marlboro),https://www.numbeo.com/cost-of-living/in/Yerevan?displayCurrency=USD,2.46,2.1,2.71,2363,4,2023-12-01
Armenia,Yerevan,Transportation,One-way Ticket (Local Transport),https://www.numbeo.com/cost-of-living/in/Yerevan?displayCurrency=USD,0.25,0.25,0.25,2363,4,2023-12-01
Armenia,Yerevan,Transportation,Monthly Pass (Regular Price),https://www.numbeo.com/cost-of-living/in/Yerevan?displayCurrency=USD,11.11,7.4,17.279999999999998,2363,4,2023-12-01
Armenia,Yerevan,Transportation,Taxi Start (Normal Tariff),https://www.numbeo.com/cost-of-living/in/Yerevan?displayCurrency=USD,1.73,1.48,2.47,2363,4,2023-12-01
Armenia,Yerevan,Transportation,Taxi 1km (Normal Tariff),https://www.numbeo.com/cost-of-living/in/Yerevan?displayCurrency=USD,0.3,0.25,1.48,2363,4,2023-12-01
Armenia,Yerevan,Transportation,Taxi 1hour Waiting (Normal Tariff),https://www.numbeo.com/cost-of-living/in/Yerevan?displayCurrency=USD,3.7,2.96,4.94,2363,4,2023-12-01
Armenia,Yerevan,Transportation,Gasoline (1 liter),https://www.numbeo.com/cost-of-living/in/Yerevan?displayCurrency=USD,1.11,0.8600000000000001,1.41,2363,4,2023-12-01
Armenia,Yerevan,Transportation,Volkswagen Golf 1.4 90 KW Trendline (Or Equivalent New Car),https://www.numbeo.com/cost-of-living/in/Yerevan?displayCurrency=USD,29615,22211.25,32082.92,2363,4,2023-12-01
Armenia,Yerevan,Transportation,Toyota Corolla Sedan 1.6l 97kW Comfort (Or Equivalent New Car),https://www.numbeo.com/cost-of-living/in/Yerevan?displayCurrency=USD,30510.58,25913.129999999997,39486.67,2363,4,2023-12-01
Armenia,Yerevan,Utilities (Monthly),"Basic (Electricity, Heating, Cooling, Water, Garbage) for 85m2 Apartment",https://www.numbeo.com/cost-of-living/in/Yerevan?displayCurrency=USD,108.8,74.04,197.43,2363,4,2023-12-01
Armenia,Yerevan,Utilities (Monthly),Mobile Phone Monthly Plan with Calls and 10GB+ Data,https://www.numbeo.com/cost-of-living/in/Yerevan?displayCurrency=USD,9.13,4.6899999999999995,12.34,2363,4,2023-12-01
Armenia,Yerevan,Utilities (Monthly),"Internet (60 Mbps or More, Unlimited Data, Cable/ADSL)",https://www.numbeo.com/cost-of-living/in/Yerevan?displayCurrency=USD,20.43,14.56,29.62,2363,4,2023-12-01
Armenia,Yerevan,Sports And Leisure,"Fitness Club, Monthly Fee for 1 Adult",https://www.numbeo.com/cost-of-living/in/Yerevan?displayCurrency=USD,74.17999999999999,37.02,197.43,2363,4,2023-12-01
Armenia,Yerevan,Sports And Leisure,Tennis Court Rent (1 Hour on Weekend),https://www.numbeo.com/cost-of-living/in/Yerevan?displayCurrency=USD,16.86,12.34,22.21,2363,4,2023-12-01
Armenia,Yerevan,Sports And Leisure,"Cinema, International Release, 1 Seat",https://www.numbeo.com/cost-of-living/in/Yerevan?displayCurrency=USD,7.4,4.94,9.87,2363,4,2023-12-01
Armenia,Yerevan,Childcare,"Preschool (or Kindergarten), Full Day, Private, Monthly for 1 Child",https://www.numbeo.com/cost-of-living/in/Yerevan?displayCurrency=USD,305.89,234.45,616.98,2363,4,2023-12-01
Armenia,Yerevan,Childcare,"International Primary School, Yearly for 1 Child",https://www.numbeo.com/cost-of-living/in/Yerevan?displayCurrency=USD,7532.87,3701.88,18107.109999999997,2363,4,2023-12-01
Armenia,Yerevan,Clothing And Shoes,1 Pair of Jeans (Levis 501 Or Similar),https://www.numbeo.com/cost-of-living/in/Yerevan?displayCurrency=USD,83.57,29.62,148.08,2363,4,2023-12-01
Armenia,Yerevan,Clothing And Shoes,"1 Summer Dress in a Chain Store (Zara, H&M, ...)",https://www.numbeo.com/cost-of-living/in/Yerevan?displayCurrency=USD,56.41,37.02,81.19,2363,4,2023-12-01
Armenia,Yerevan,Clothing And Shoes,1 Pair of Nike Running Shoes (Mid-Range),https://www.numbeo.com/cost-of-living/in/Yerevan?displayCurrency=USD,124.68,74.04,172.75,2363,4,2023-12-01
Armenia,Yerevan,Clothing And Shoes,1 Pair of Men Leather Business Shoes,https://www.numbeo.com/cost-of-living/in/Yerevan?displayCurrency=USD,105,61.7,197.43,2363,4,2023-12-01
Armenia,Yerevan,Rent Per Month,Apartment (1 bedroom) in City Centre,https://www.numbeo.com/cost-of-living/in/Yerevan?displayCurrency=USD,978.61,740.38,1480.75,2363,4,2023-12-01
Armenia,Yerevan,Rent Per Month,Apartment (1 bedroom) Outside of Centre,https://www.numbeo.com/cost-of-living/in/Yerevan?displayCurrency=USD,652.69,493.58,900,2363,4,2023-12-01
Armenia,Yerevan,Rent Per Month,Apartment (3 bedrooms) in City Centre,https://www.numbeo.com/cost-of-living/in/Yerevan?displayCurrency=USD,1594.3,1184.6,2467.92,2363,4,2023-12-01
Armenia,Yerevan,Rent Per Month,Apartment (3 bedrooms) Outside of Centre,https://www.numbeo.com/cost-of-living/in/Yerevan?displayCurrency=USD,1003.7,700,1500,2363,4,2023-12-01
Armenia,Yerevan,Buy Apartment Price,Price per Square Meter to Buy Apartment in City Centre,https://www.numbeo.com/cost-of-living/in/Yerevan?displayCurrency=USD,2928.92,2000,4195.46,2363,4,2023-12-01
Armenia,Yerevan,Buy Apartment Price,Price per Square Meter to Buy Apartment Outside of Centre,https://www.numbeo.com/cost-of-living/in/Yerevan?displayCurrency=USD,1343.56,987.17,1727.54,2363,4,2023-12-01
Armenia,Yerevan,Salaries And Financing,Average Monthly Net Salary (After Tax),https://www.numbeo.com/cost-of-living/in/Yerevan?displayCurrency=USD,565.57,NA,NA,2363,4,2023-12-01
Armenia,Yerevan,Salaries And Financing,"Mortgage Interest Rate in Percentages (%), Yearly, for 20 Years Fixed-Rate",https://www.numbeo.com/cost-of-living/in/Yerevan?displayCurrency=USD,13.31,11,17,2363,4,2023-12-01
Georgia,Tbilisi,Restaurants,"Meal, Inexpensive Restaurant",https://www.numbeo.com/cost-of-living/in/Tbilisi?displayCurrency=USD,10.78,5.58,16.73,4109,6,2023-12-01
Georgia,Tbilisi,Restaurants,"Meal for 2 People, Mid-range Restaurant, Three-course",https://www.numbeo.com/cost-of-living/in/Tbilisi?displayCurrency=USD,40.89,26.02,65.06,4109,6,2023-12-01
Georgia,Tbilisi,Restaurants,McMeal at McDonalds (or Equivalent Combo Meal),https://www.numbeo.com/cost-of-living/in/Tbilisi?displayCurrency=USD,8.18,7.430000000000001,9.29,4109,6,2023-12-01
Georgia,Tbilisi,Restaurants,Domestic Beer (0.5 liter draught),https://www.numbeo.com/cost-of-living/in/Tbilisi?displayCurrency=USD,1.86,1.12,3.72,4109,6,2023-12-01
Georgia,Tbilisi,Restaurants,Imported Beer (0.33 liter bottle),https://www.numbeo.com/cost-of-living/in/Tbilisi?displayCurrency=USD,3.3499999999999996,1.86,5.2,4109,6,2023-12-01
Georgia,Tbilisi,Restaurants,Cappuccino (regular),https://www.numbeo.com/cost-of-living/in/Tbilisi?displayCurrency=USD,3.11,1.49,4.46,4109,6,2023-12-01
Georgia,Tbilisi,Restaurants,Coke/Pepsi (0.33 liter bottle),https://www.numbeo.com/cost-of-living/in/Tbilisi?displayCurrency=USD,0.8300000000000001,0.56,1.86,4109,6,2023-12-01
Georgia,Tbilisi,Restaurants,Water (0.33 liter bottle),https://www.numbeo.com/cost-of-living/in/Tbilisi?displayCurrency=USD,0.41,0.3,0.74,4109,6,2023-12-01
Georgia,Tbilisi,Markets,"Milk (regular), (1 liter)",https://www.numbeo.com/cost-of-living/in/Tbilisi?displayCurrency=USD,2.04,1.49,2.6,4109,6,2023-12-01
Georgia,Tbilisi,Markets,Loaf of Fresh White Bread (500g),https://www.numbeo.com/cost-of-living/in/Tbilisi?displayCurrency=USD,0.7,0.45,1.49,4109,6,2023-12-01
Georgia,Tbilisi,Markets,"Rice (white), (1kg)",https://www.numbeo.com/cost-of-living/in/Tbilisi?displayCurrency=USD,1.99,1.02,2.97,4109,6,2023-12-01
Georgia,Tbilisi,Markets,Eggs (regular) (12),https://www.numbeo.com/cost-of-living/in/Tbilisi?displayCurrency=USD,2.5,1.99,3.12,4109,6,2023-12-01
Georgia,Tbilisi,Markets,Local Cheese (1kg),https://www.numbeo.com/cost-of-living/in/Tbilisi?displayCurrency=USD,8.58,4.83,16.95,4109,6,2023-12-01
Georgia,Tbilisi,Markets,Chicken Fillets (1kg),https://www.numbeo.com/cost-of-living/in/Tbilisi?displayCurrency=USD,6.7,3.72,9.26,4109,6,2023-12-01
Georgia,Tbilisi,Markets,Beef Round (1kg) (or Equivalent Back Leg Red Meat),https://www.numbeo.com/cost-of-living/in/Tbilisi?displayCurrency=USD,10.38,7.430000000000001,11.52,4109,6,2023-12-01
Georgia,Tbilisi,Markets,Apples (1kg),https://www.numbeo.com/cost-of-living/in/Tbilisi?displayCurrency=USD,1.32,0.74,1.86,4109,6,2023-12-01
Georgia,Tbilisi,Markets,Banana (1kg),https://www.numbeo.com/cost-of-living/in/Tbilisi?displayCurrency=USD,1.6900000000000002,1.26,2.23,4109,6,2023-12-01
Georgia,Tbilisi,Markets,Oranges (1kg),https://www.numbeo.com/cost-of-living/in/Tbilisi?displayCurrency=USD,1.7,0.93,2.6,4109,6,2023-12-01
Georgia,Tbilisi,Markets,Tomato (1kg),https://www.numbeo.com/cost-of-living/in/Tbilisi?displayCurrency=USD,1.75,0.71,2.97,4109,6,2023-12-01
Georgia,Tbilisi,Markets,Potato (1kg),https://www.numbeo.com/cost-of-living/in/Tbilisi?displayCurrency=USD,0.77,0.37,1.12,4109,6,2023-12-01
Georgia,Tbilisi,Markets,Onion (1kg),https://www.numbeo.com/cost-of-living/in/Tbilisi?displayCurrency=USD,0.8600000000000001,0.46,1.45,4109,6,2023-12-01
Georgia,Tbilisi,Markets,Lettuce (1 head),https://www.numbeo.com/cost-of-living/in/Tbilisi?displayCurrency=USD,1.28,0.74,2.23,4109,6,2023-12-01
Georgia,Tbilisi,Markets,Water (1.5 liter bottle),https://www.numbeo.com/cost-of-living/in/Tbilisi?displayCurrency=USD,0.6599999999999999,0.45,0.8600000000000001,4109,6,2023-12-01
Georgia,Tbilisi,Markets,Bottle of Wine (Mid-Range),https://www.numbeo.com/cost-of-living/in/Tbilisi?displayCurrency=USD,7.430000000000001,4.46,11.15,4109,6,2023-12-01
Georgia,Tbilisi,Markets,Domestic Beer (0.5 liter bottle),https://www.numbeo.com/cost-of-living/in/Tbilisi?displayCurrency=USD,1.54,1.12,2.42,4109,6,2023-12-01
Georgia,Tbilisi,Markets,Imported Beer (0.33 liter bottle),https://www.numbeo.com/cost-of-living/in/Tbilisi?displayCurrency=USD,2.25,1.49,3.72,4109,6,2023-12-01
Georgia,Tbilisi,Markets,Cigarettes 20 Pack (Marlboro),https://www.numbeo.com/cost-of-living/in/Tbilisi?displayCurrency=USD,2.97,2.79,3.72,4109,6,2023-12-01
Georgia,Tbilisi,Transportation,One-way Ticket (Local Transport),https://www.numbeo.com/cost-of-living/in/Tbilisi?displayCurrency=USD,0.37,0.37,0.37,4109,6,2023-12-01
Georgia,Tbilisi,Transportation,Monthly Pass (Regular Price),https://www.numbeo.com/cost-of-living/in/Tbilisi?displayCurrency=USD,14.87,11.15,14.87,4109,6,2023-12-01
Georgia,Tbilisi,Transportation,Taxi Start (Normal Tariff),https://www.numbeo.com/cost-of-living/in/Tbilisi?displayCurrency=USD,1.49,0.93,2.23,4109,6,2023-12-01
Georgia,Tbilisi,Transportation,Taxi 1km (Normal Tariff),https://www.numbeo.com/cost-of-living/in/Tbilisi?displayCurrency=USD,0.93,0.37,1.86,4109,6,2023-12-01
Georgia,Tbilisi,Transportation,Taxi 1hour Waiting (Normal Tariff),https://www.numbeo.com/cost-of-living/in/Tbilisi?displayCurrency=USD,5.58,3.72,7.430000000000001,4109,6,2023-12-01
Georgia,Tbilisi,Transportation,Gasoline (1 liter),https://www.numbeo.com/cost-of-living/in/Tbilisi?displayCurrency=USD,1.15,0.93,1.49,4109,6,2023-12-01
Georgia,Tbilisi,Transportation,Volkswagen Golf 1.4 90 KW Trendline (Or Equivalent New Car),https://www.numbeo.com/cost-of-living/in/Tbilisi?displayCurrency=USD,25278.81,18587.36,30000,4109,6,2023-12-01
Georgia,Tbilisi,Transportation,Toyota Corolla Sedan 1.6l 97kW Comfort (Or Equivalent New Car),https://www.numbeo.com/cost-of-living/in/Tbilisi?displayCurrency=USD,23465.51,20446.1,30000,4109,6,2023-12-01
Georgia,Tbilisi,Utilities (Monthly),"Basic (Electricity, Heating, Cooling, Water, Garbage) for 85m2 Apartment",https://www.numbeo.com/cost-of-living/in/Tbilisi?displayCurrency=USD,67.7,42.13,114.9,4109,6,2023-12-01
Georgia,Tbilisi,Utilities (Monthly),Mobile Phone Monthly Plan with Calls and 10GB+ Data,https://www.numbeo.com/cost-of-living/in/Tbilisi?displayCurrency=USD,10.21,4.46,15,4109,6,2023-12-01
Georgia,Tbilisi,Utilities (Monthly),"Internet (60 Mbps or More, Unlimited Data, Cable/ADSL)",https://www.numbeo.com/cost-of-living/in/Tbilisi?displayCurrency=USD,18.69,13.01,27.88,4109,6,2023-12-01
Georgia,Tbilisi,Sports And Leisure,"Fitness Club, Monthly Fee for 1 Adult",https://www.numbeo.com/cost-of-living/in/Tbilisi?displayCurrency=USD,55.2,31.97,92.94,4109,6,2023-12-01
Georgia,Tbilisi,Sports And Leisure,Tennis Court Rent (1 Hour on Weekend),https://www.numbeo.com/cost-of-living/in/Tbilisi?displayCurrency=USD,14.15,9.29,18.59,4109,6,2023-12-01
Georgia,Tbilisi,Sports And Leisure,"Cinema, International Release, 1 Seat",https://www.numbeo.com/cost-of-living/in/Tbilisi?displayCurrency=USD,6.51,5.2,7.81,4109,6,2023-12-01
Georgia,Tbilisi,Childcare,"Preschool (or Kindergarten), Full Day, Private, Monthly for 1 Child",https://www.numbeo.com/cost-of-living/in/Tbilisi?displayCurrency=USD,253.25,167.29,400,4109,6,2023-12-01
Georgia,Tbilisi,Childcare,"International Primary School, Yearly for 1 Child",https://www.numbeo.com/cost-of-living/in/Tbilisi?displayCurrency=USD,6352.38,2230.48,14869.89,4109,6,2023-12-01
Georgia,Tbilisi,Clothing And Shoes,1 Pair of Jeans (Levis 501 Or Similar),https://www.numbeo.com/cost-of-living/in/Tbilisi?displayCurrency=USD,75.7,24.16,111.52,4109,6,2023-12-01
Georgia,Tbilisi,Clothing And Shoes,"1 Summer Dress in a Chain Store (Zara, H&M, ...)",https://www.numbeo.com/cost-of-living/in/Tbilisi?displayCurrency=USD,51.82,22.3,74.35,4109,6,2023-12-01
Georgia,Tbilisi,Clothing And Shoes,1 Pair of Nike Running Shoes (Mid-Range),https://www.numbeo.com/cost-of-living/in/Tbilisi?displayCurrency=USD,124.82,74.35,185.87,4109,6,2023-12-01
Georgia,Tbilisi,Clothing And Shoes,1 Pair of Men Leather Business Shoes,https://www.numbeo.com/cost-of-living/in/Tbilisi?displayCurrency=USD,141.26,92.94,223.05,4109,6,2023-12-01
Georgia,Tbilisi,Rent Per Month,Apartment (1 bedroom) in City Centre,https://www.numbeo.com/cost-of-living/in/Tbilisi?displayCurrency=USD,824.03,600,1115.24,4109,6,2023-12-01
Georgia,Tbilisi,Rent Per Month,Apartment (1 bedroom) Outside of Centre,https://www.numbeo.com/cost-of-living/in/Tbilisi?displayCurrency=USD,540.37,400,743.49,4109,6,2023-12-01
Georgia,Tbilisi,Rent Per Month,Apartment (3 bedrooms) in City Centre,https://www.numbeo.com/cost-of-living/in/Tbilisi?displayCurrency=USD,1466.38,1000,2483.27,4109,6,2023-12-01
Georgia,Tbilisi,Rent Per Month,Apartment (3 bedrooms) Outside of Centre,https://www.numbeo.com/cost-of-living/in/Tbilisi?displayCurrency=USD,923.35,650,1301.12,4109,6,2023-12-01
Georgia,Tbilisi,Buy Apartment Price,Price per Square Meter to Buy Apartment in City Centre,https://www.numbeo.com/cost-of-living/in/Tbilisi?displayCurrency=USD,1944.92,1486.99,2602.23,4109,6,2023-12-01
Georgia,Tbilisi,Buy Apartment Price,Price per Square Meter to Buy Apartment Outside of Centre,https://www.numbeo.com/cost-of-living/in/Tbilisi?displayCurrency=USD,1062.11,850,1337.92,4109,6,2023-12-01
Georgia,Tbilisi,Salaries And Financing,Average Monthly Net Salary (After Tax),https://www.numbeo.com/cost-of-living/in/Tbilisi?displayCurrency=USD,511.08,NA,NA,4109,6,2023-12-01
Georgia,Tbilisi,Salaries And Financing,"Mortgage Interest Rate in Percentages (%), Yearly, for 20 Years Fixed-Rate",https://www.numbeo.com/cost-of-living/in/Tbilisi?displayCurrency=USD,11.4,7,15,4109,6,2023-12-01
Kazakhstan,Astana,Restaurants,"Meal, Inexpensive Restaurant",https://www.numbeo.com/cost-of-living/in/Astana-Nur-Sultan-Kazakhstan?displayCurrency=USD,8.05,4.35,13.05,1817,4,2023-12-01
Kazakhstan,Astana,Restaurants,"Meal for 2 People, Mid-range Restaurant, Three-course",https://www.numbeo.com/cost-of-living/in/Astana-Nur-Sultan-Kazakhstan?displayCurrency=USD,34.809999999999995,21.76,60.92,1817,4,2023-12-01
Kazakhstan,Astana,Restaurants,McMeal at McDonalds (or Equivalent Combo Meal),https://www.numbeo.com/cost-of-living/in/Astana-Nur-Sultan-Kazakhstan?displayCurrency=USD,5.87,4.79,7.619999999999999,1817,4,2023-12-01
Kazakhstan,Astana,Restaurants,Domestic Beer (0.5 liter draught),https://www.numbeo.com/cost-of-living/in/Astana-Nur-Sultan-Kazakhstan?displayCurrency=USD,1.31,0.76,3.26,1817,4,2023-12-01
Kazakhstan,Astana,Restaurants,Imported Beer (0.33 liter bottle),https://www.numbeo.com/cost-of-living/in/Astana-Nur-Sultan-Kazakhstan?displayCurrency=USD,2.61,1.74,4.35,1817,4,2023-12-01
Kazakhstan,Astana,Restaurants,Cappuccino (regular),https://www.numbeo.com/cost-of-living/in/Astana-Nur-Sultan-Kazakhstan?displayCurrency=USD,2.03,1.31,3.26,1817,4,2023-12-01
Kazakhstan,Astana,Restaurants,Coke/Pepsi (0.33 liter bottle),https://www.numbeo.com/cost-of-living/in/Astana-Nur-Sultan-Kazakhstan?displayCurrency=USD,0.7899999999999999,0.54,1.31,1817,4,2023-12-01
Kazakhstan,Astana,Restaurants,Water (0.33 liter bottle),https://www.numbeo.com/cost-of-living/in/Astana-Nur-Sultan-Kazakhstan?displayCurrency=USD,0.49,0.32999999999999996,0.8700000000000001,1817,4,2023-12-01
Kazakhstan,Astana,Markets,"Milk (regular), (1 liter)",https://www.numbeo.com/cost-of-living/in/Astana-Nur-Sultan-Kazakhstan?displayCurrency=USD,1.25,0.7799999999999999,1.65,1817,4,2023-12-01
Kazakhstan,Astana,Markets,Loaf of Fresh White Bread (500g),https://www.numbeo.com/cost-of-living/in/Astana-Nur-Sultan-Kazakhstan?displayCurrency=USD,0.5,0.29000000000000004,1.09,1817,4,2023-12-01
Kazakhstan,Astana,Markets,"Rice (white), (1kg)",https://www.numbeo.com/cost-of-living/in/Astana-Nur-Sultan-Kazakhstan?displayCurrency=USD,1.48,0.65,2.18,1817,4,2023-12-01
Kazakhstan,Astana,Markets,Eggs (regular) (12),https://www.numbeo.com/cost-of-living/in/Astana-Nur-Sultan-Kazakhstan?displayCurrency=USD,1.7,1.04,2.61,1817,4,2023-12-01
Kazakhstan,Astana,Markets,Local Cheese (1kg),https://www.numbeo.com/cost-of-living/in/Astana-Nur-Sultan-Kazakhstan?displayCurrency=USD,9.64,3.92,15.84,1817,4,2023-12-01
Kazakhstan,Astana,Markets,Chicken Fillets (1kg),https://www.numbeo.com/cost-of-living/in/Astana-Nur-Sultan-Kazakhstan?displayCurrency=USD,5.22,2.96,6.31,1817,4,2023-12-01
Kazakhstan,Astana,Markets,Beef Round (1kg) (or Equivalent Back Leg Red Meat),https://www.numbeo.com/cost-of-living/in/Astana-Nur-Sultan-Kazakhstan?displayCurrency=USD,6.96,5.44,8.7,1817,4,2023-12-01
Kazakhstan,Astana,Markets,Apples (1kg),https://www.numbeo.com/cost-of-living/in/Astana-Nur-Sultan-Kazakhstan?displayCurrency=USD,1.29,0.65,1.96,1817,4,2023-12-01
Kazakhstan,Astana,Markets,Banana (1kg),https://www.numbeo.com/cost-of-living/in/Astana-Nur-Sultan-Kazakhstan?displayCurrency=USD,1.94,1.31,3.26,1817,4,2023-12-01
Kazakhstan,Astana,Markets,Oranges (1kg),https://www.numbeo.com/cost-of-living/in/Astana-Nur-Sultan-Kazakhstan?displayCurrency=USD,2.26,1.15,3.54,1817,4,2023-12-01
Kazakhstan,Astana,Markets,Tomato (1kg),https://www.numbeo.com/cost-of-living/in/Astana-Nur-Sultan-Kazakhstan?displayCurrency=USD,2.06,0.8700000000000001,3.54,1817,4,2023-12-01
Kazakhstan,Astana,Markets,Potato (1kg),https://www.numbeo.com/cost-of-living/in/Astana-Nur-Sultan-Kazakhstan?displayCurrency=USD,0.55,0.26,0.76,1817,4,2023-12-01
Kazakhstan,Astana,Markets,Onion (1kg),https://www.numbeo.com/cost-of-living/in/Astana-Nur-Sultan-Kazakhstan?displayCurrency=USD,0.51,0.22,0.8700000000000001,1817,4,2023-12-01
Kazakhstan,Astana,Markets,Lettuce (1 head),https://www.numbeo.com/cost-of-living/in/Astana-Nur-Sultan-Kazakhstan?displayCurrency=USD,0.92,0.22,1.96,1817,4,2023-12-01
Kazakhstan,Astana,Markets,Water (1.5 liter bottle),https://www.numbeo.com/cost-of-living/in/Astana-Nur-Sultan-Kazakhstan?displayCurrency=USD,0.69,0.44,0.8700000000000001,1817,4,2023-12-01
Kazakhstan,Astana,Markets,Bottle of Wine (Mid-Range),https://www.numbeo.com/cost-of-living/in/Astana-Nur-Sultan-Kazakhstan?displayCurrency=USD,7.619999999999999,4.35,13.05,1817,4,2023-12-01
Kazakhstan,Astana,Markets,Domestic Beer (0.5 liter bottle),https://www.numbeo.com/cost-of-living/in/Astana-Nur-Sultan-Kazakhstan?displayCurrency=USD,0.99,0.62,1.74,1817,4,2023-12-01
Kazakhstan,Astana,Markets,Imported Beer (0.33 liter bottle),https://www.numbeo.com/cost-of-living/in/Astana-Nur-Sultan-Kazakhstan?displayCurrency=USD,1.83,0.98,2.61,1817,4,2023-12-01
Kazakhstan,Astana,Markets,Cigarettes 20 Pack (Marlboro),https://www.numbeo.com/cost-of-living/in/Astana-Nur-Sultan-Kazakhstan?displayCurrency=USD,1.63,1.52,2.3899999999999997,1817,4,2023-12-01
Kazakhstan,Astana,Transportation,One-way Ticket (Local Transport),https://www.numbeo.com/cost-of-living/in/Astana-Nur-Sultan-Kazakhstan?displayCurrency=USD,0.2,0.2,0.2,1817,4,2023-12-01
Kazakhstan,Astana,Transportation,Monthly Pass (Regular Price),https://www.numbeo.com/cost-of-living/in/Astana-Nur-Sultan-Kazakhstan?displayCurrency=USD,16.32,13.05,22.85,1817,4,2023-12-01
Kazakhstan,Astana,Transportation,Taxi Start (Normal Tariff),https://www.numbeo.com/cost-of-living/in/Astana-Nur-Sultan-Kazakhstan?displayCurrency=USD,1.31,1.09,2.18,1817,4,2023-12-01
Kazakhstan,Astana,Transportation,Taxi 1km (Normal Tariff),https://www.numbeo.com/cost-of-living/in/Astana-Nur-Sultan-Kazakhstan?displayCurrency=USD,0.32999999999999996,0.22,0.8700000000000001,1817,4,2023-12-01
Kazakhstan,Astana,Transportation,Taxi 1hour Waiting (Normal Tariff),https://www.numbeo.com/cost-of-living/in/Astana-Nur-Sultan-Kazakhstan?displayCurrency=USD,4.35,2.61,5.87,1817,4,2023-12-01
Kazakhstan,Astana,Transportation,Gasoline (1 liter),https://www.numbeo.com/cost-of-living/in/Astana-Nur-Sultan-Kazakhstan?displayCurrency=USD,0.5,0.4,0.5700000000000001,1817,4,2023-12-01
Kazakhstan,Astana,Transportation,Volkswagen Golf 1.4 90 KW Trendline (Or Equivalent New Car),https://www.numbeo.com/cost-of-living/in/Astana-Nur-Sultan-Kazakhstan?displayCurrency=USD,21757.18,21735.42,26108.609999999997,1817,4,2023-12-01
Kazakhstan,Astana,Transportation,Toyota Corolla Sedan 1.6l 97kW Comfort (Or Equivalent New Car),https://www.numbeo.com/cost-of-living/in/Astana-Nur-Sultan-Kazakhstan?displayCurrency=USD,27117.81,25956.31,30460.05,1817,4,2023-12-01
Kazakhstan,Astana,Utilities (Monthly),"Basic (Electricity, Heating, Cooling, Water, Garbage) for 85m2 Apartment",https://www.numbeo.com/cost-of-living/in/Astana-Nur-Sultan-Kazakhstan?displayCurrency=USD,51.3,40.349999999999994,67.25,1817,4,2023-12-01
Kazakhstan,Astana,Utilities (Monthly),Mobile Phone Monthly Plan with Calls and 10GB+ Data,https://www.numbeo.com/cost-of-living/in/Astana-Nur-Sultan-Kazakhstan?displayCurrency=USD,9.71,6.53,10.88,1817,4,2023-12-01
Kazakhstan,Astana,Utilities (Monthly),"Internet (60 Mbps or More, Unlimited Data, Cable/ADSL)",https://www.numbeo.com/cost-of-living/in/Astana-Nur-Sultan-Kazakhstan?displayCurrency=USD,12.97,9.79,16.1,1817,4,2023-12-01
Kazakhstan,Astana,Sports And Leisure,"Fitness Club, Monthly Fee for 1 Adult",https://www.numbeo.com/cost-of-living/in/Astana-Nur-Sultan-Kazakhstan?displayCurrency=USD,52.99,25.38,108.79,1817,4,2023-12-01
Kazakhstan,Astana,Sports And Leisure,Tennis Court Rent (1 Hour on Weekend),https://www.numbeo.com/cost-of-living/in/Astana-Nur-Sultan-Kazakhstan?displayCurrency=USD,14.36,8.7,21.76,1817,4,2023-12-01
Kazakhstan,Astana,Sports And Leisure,"Cinema, International Release, 1 Seat",https://www.numbeo.com/cost-of-living/in/Astana-Nur-Sultan-Kazakhstan?displayCurrency=USD,5.44,3.7,6.53,1817,4,2023-12-01
Kazakhstan,Astana,Childcare,"Preschool (or Kindergarten), Full Day, Private, Monthly for 1 Child",https://www.numbeo.com/cost-of-living/in/Astana-Nur-Sultan-Kazakhstan?displayCurrency=USD,213.22,108.79,391.63,1817,4,2023-12-01
Kazakhstan,Astana,Childcare,"International Primary School, Yearly for 1 Child",https://www.numbeo.com/cost-of-living/in/Astana-Nur-Sultan-Kazakhstan?displayCurrency=USD,7927.77,4351.44,20000,1817,4,2023-12-01
Kazakhstan,Astana,Clothing And Shoes,1 Pair of Jeans (Levis 501 Or Similar),https://www.numbeo.com/cost-of-living/in/Astana-Nur-Sultan-Kazakhstan?displayCurrency=USD,73.92,26.110000000000003,152.3,1817,4,2023-12-01
Kazakhstan,Astana,Clothing And Shoes,"1 Summer Dress in a Chain Store (Zara, H&M, ...)",https://www.numbeo.com/cost-of-living/in/Astana-Nur-Sultan-Kazakhstan?displayCurrency=USD,50.04,21.76,87.03,1817,4,2023-12-01
Kazakhstan,Astana,Clothing And Shoes,1 Pair of Nike Running Shoes (Mid-Range),https://www.numbeo.com/cost-of-living/in/Astana-Nur-Sultan-Kazakhstan?displayCurrency=USD,109.38,52.220000000000006,195.81,1817,4,2023-12-01
Kazakhstan,Astana,Clothing And Shoes,1 Pair of Men Leather Business Shoes,https://www.numbeo.com/cost-of-living/in/Astana-Nur-Sultan-Kazakhstan?displayCurrency=USD,96.19,43.51,141.42000000000002,1817,4,2023-12-01
Kazakhstan,Astana,Rent Per Month,Apartment (1 bedroom) in City Centre,https://www.numbeo.com/cost-of-living/in/Astana-Nur-Sultan-Kazakhstan?displayCurrency=USD,518.42,435.14,739.74,1817,4,2023-12-01
Kazakhstan,Astana,Rent Per Month,Apartment (1 bedroom) Outside of Centre,https://www.numbeo.com/cost-of-living/in/Astana-Nur-Sultan-Kazakhstan?displayCurrency=USD,328.78,261.09,435.14,1817,4,2023-12-01
Kazakhstan,Astana,Rent Per Month,Apartment (3 bedrooms) in City Centre,https://www.numbeo.com/cost-of-living/in/Astana-Nur-Sultan-Kazakhstan?displayCurrency=USD,899.01,696.23,1305.43,1817,4,2023-12-01
Kazakhstan,Astana,Rent Per Month,Apartment (3 bedrooms) Outside of Centre,https://www.numbeo.com/cost-of-living/in/Astana-Nur-Sultan-Kazakhstan?displayCurrency=USD,587.4399999999999,435.14,870.2900000000001,1817,4,2023-12-01
Kazakhstan,Astana,Buy Apartment Price,Price per Square Meter to Buy Apartment in City Centre,https://www.numbeo.com/cost-of-living/in/Astana-Nur-Sultan-Kazakhstan?displayCurrency=USD,1147.97,979.07,1631.79,1817,4,2023-12-01
Kazakhstan,Astana,Buy Apartment Price,Price per Square Meter to Buy Apartment Outside of Centre,https://www.numbeo.com/cost-of-living/in/Astana-Nur-Sultan-Kazakhstan?displayCurrency=USD,805.87,652.72,935.56,1817,4,2023-12-01
Kazakhstan,Astana,Salaries And Financing,Average Monthly Net Salary (After Tax),https://www.numbeo.com/cost-of-living/in/Astana-Nur-Sultan-Kazakhstan?displayCurrency=USD,612.1700000000001,NA,NA,1817,4,2023-12-01
Kazakhstan,Astana,Salaries And Financing,"Mortgage Interest Rate in Percentages (%), Yearly, for 20 Years Fixed-Rate",https://www.numbeo.com/cost-of-living/in/Astana-Nur-Sultan-Kazakhstan?displayCurrency=USD,15.72,7,20,1817,4,2023-12-01
Azerbaijan,Baku,Restaurants,"Meal, Inexpensive Restaurant",https://www.numbeo.com/cost-of-living/in/Baku?displayCurrency=USD,8.82,3.53,17.650000000000002,2677,6,2023-12-01
Azerbaijan,Baku,Restaurants,"Meal for 2 People, Mid-range Restaurant, Three-course",https://www.numbeo.com/cost-of-living/in/Baku?displayCurrency=USD,35.290000000000006,22.35,58.82,2677,6,2023-12-01
Azerbaijan,Baku,Restaurants,McMeal at McDonalds (or Equivalent Combo Meal),https://www.numbeo.com/cost-of-living/in/Baku?displayCurrency=USD,7.35,5.88,8.82,2677,6,2023-12-01
Azerbaijan,Baku,Restaurants,Domestic Beer (0.5 liter draught),https://www.numbeo.com/cost-of-living/in/Baku?displayCurrency=USD,1.41,1.1800000000000002,2.94,2677,6,2023-12-01
Azerbaijan,Baku,Restaurants,Imported Beer (0.33 liter bottle),https://www.numbeo.com/cost-of-living/in/Baku?displayCurrency=USD,2.3499999999999996,1.76,3.53,2677,6,2023-12-01
Azerbaijan,Baku,Restaurants,Cappuccino (regular),https://www.numbeo.com/cost-of-living/in/Baku?displayCurrency=USD,3.36,1.76,4.71,2677,6,2023-12-01
Azerbaijan,Baku,Restaurants,Coke/Pepsi (0.33 liter bottle),https://www.numbeo.com/cost-of-living/in/Baku?displayCurrency=USD,0.58,0.41,1.1800000000000002,2677,6,2023-12-01
Azerbaijan,Baku,Restaurants,Water (0.33 liter bottle),https://www.numbeo.com/cost-of-living/in/Baku?displayCurrency=USD,0.37,0.26,0.59,2677,6,2023-12-01
Azerbaijan,Baku,Markets,"Milk (regular), (1 liter)",https://www.numbeo.com/cost-of-living/in/Baku?displayCurrency=USD,1.38,1.06,1.76,2677,6,2023-12-01
Azerbaijan,Baku,Markets,Loaf of Fresh White Bread (500g),https://www.numbeo.com/cost-of-living/in/Baku?displayCurrency=USD,0.46,0.29000000000000004,0.59,2677,6,2023-12-01
Azerbaijan,Baku,Markets,"Rice (white), (1kg)",https://www.numbeo.com/cost-of-living/in/Baku?displayCurrency=USD,2.42,1.12,2.94,2677,6,2023-12-01
Azerbaijan,Baku,Markets,Eggs (regular) (12),https://www.numbeo.com/cost-of-living/in/Baku?displayCurrency=USD,1.64,1.06,2.47,2677,6,2023-12-01
Azerbaijan,Baku,Markets,Local Cheese (1kg),https://www.numbeo.com/cost-of-living/in/Baku?displayCurrency=USD,5.359999999999999,3.53,8.239999999999998,2677,6,2023-12-01
Azerbaijan,Baku,Markets,Chicken Fillets (1kg),https://www.numbeo.com/cost-of-living/in/Baku?displayCurrency=USD,4.71,3.46,5.88,2677,6,2023-12-01
Azerbaijan,Baku,Markets,Beef Round (1kg) (or Equivalent Back Leg Red Meat),https://www.numbeo.com/cost-of-living/in/Baku?displayCurrency=USD,9.4,7.88,10.59,2677,6,2023-12-01
Azerbaijan,Baku,Markets,Apples (1kg),https://www.numbeo.com/cost-of-living/in/Baku?displayCurrency=USD,1.21,0.59,1.76,2677,6,2023-12-01
Azerbaijan,Baku,Markets,Banana (1kg),https://www.numbeo.com/cost-of-living/in/Baku?displayCurrency=USD,1.74,1.29,2.3499999999999996,2677,6,2023-12-01
Azerbaijan,Baku,Markets,Oranges (1kg),https://www.numbeo.com/cost-of-living/in/Baku?displayCurrency=USD,1.5,0.88,2.94,2677,6,2023-12-01
Azerbaijan,Baku,Markets,Tomato (1kg),https://www.numbeo.com/cost-of-living/in/Baku?displayCurrency=USD,1.75,0.59,2.94,2677,6,2023-12-01
Azerbaijan,Baku,Markets,Potato (1kg),https://www.numbeo.com/cost-of-living/in/Baku?displayCurrency=USD,0.7799999999999999,0.47,1.1800000000000002,2677,6,2023-12-01
Azerbaijan,Baku,Markets,Onion (1kg),https://www.numbeo.com/cost-of-living/in/Baku?displayCurrency=USD,0.65,0.35,1.1700000000000002,2677,6,2023-12-01
Azerbaijan,Baku,Markets,Lettuce (1 head),https://www.numbeo.com/cost-of-living/in/Baku?displayCurrency=USD,0.54,0.24,1.33,2677,6,2023-12-01
Azerbaijan,Baku,Markets,Water (1.5 liter bottle),https://www.numbeo.com/cost-of-living/in/Baku?displayCurrency=USD,0.59,0.47,0.88,2677,6,2023-12-01
Azerbaijan,Baku,Markets,Bottle of Wine (Mid-Range),https://www.numbeo.com/cost-of-living/in/Baku?displayCurrency=USD,7.65,3.4099999999999997,10.59,2677,6,2023-12-01
Azerbaijan,Baku,Markets,Domestic Beer (0.5 liter bottle),https://www.numbeo.com/cost-of-living/in/Baku?displayCurrency=USD,1.31,1,1.76,2677,6,2023-12-01
Azerbaijan,Baku,Markets,Imported Beer (0.33 liter bottle),https://www.numbeo.com/cost-of-living/in/Baku?displayCurrency=USD,2.6,1.76,3.8,2677,6,2023-12-01
Azerbaijan,Baku,Markets,Cigarettes 20 Pack (Marlboro),https://www.numbeo.com/cost-of-living/in/Baku?displayCurrency=USD,3.53,2.3499999999999996,4.71,2677,6,2023-12-01
Azerbaijan,Baku,Transportation,One-way Ticket (Local Transport),https://www.numbeo.com/cost-of-living/in/Baku?displayCurrency=USD,0.24,0.24,0.24,2677,6,2023-12-01
Azerbaijan,Baku,Transportation,Monthly Pass (Regular Price),https://www.numbeo.com/cost-of-living/in/Baku?displayCurrency=USD,17.650000000000002,11.76,35.290000000000006,2677,6,2023-12-01
Azerbaijan,Baku,Transportation,Taxi Start (Normal Tariff),https://www.numbeo.com/cost-of-living/in/Baku?displayCurrency=USD,1.47,0.65,1.47,2677,6,2023-12-01
Azerbaijan,Baku,Transportation,Taxi 1km (Normal Tariff),https://www.numbeo.com/cost-of-living/in/Baku?displayCurrency=USD,0.72,0.35,1.1800000000000002,2677,6,2023-12-01
Azerbaijan,Baku,Transportation,Taxi 1hour Waiting (Normal Tariff),https://www.numbeo.com/cost-of-living/in/Baku?displayCurrency=USD,3.53,1.76,5.88,2677,6,2023-12-01
Azerbaijan,Baku,Transportation,Gasoline (1 liter),https://www.numbeo.com/cost-of-living/in/Baku?displayCurrency=USD,0.65,0.59,1.1800000000000002,2677,6,2023-12-01
Azerbaijan,Baku,Transportation,Volkswagen Golf 1.4 90 KW Trendline (Or Equivalent New Car),https://www.numbeo.com/cost-of-living/in/Baku?displayCurrency=USD,21029.41,16470.59,26470.59,2677,6,2023-12-01
Azerbaijan,Baku,Transportation,Toyota Corolla Sedan 1.6l 97kW Comfort (Or Equivalent New Car),https://www.numbeo.com/cost-of-living/in/Baku?displayCurrency=USD,23621.12,21176.47,26470.59,2677,6,2023-12-01
Azerbaijan,Baku,Utilities (Monthly),"Basic (Electricity, Heating, Cooling, Water, Garbage) for 85m2 Apartment",https://www.numbeo.com/cost-of-living/in/Baku?displayCurrency=USD,58.65,41.67,111.11,2677,6,2023-12-01
Azerbaijan,Baku,Utilities (Monthly),Mobile Phone Monthly Plan with Calls and 10GB+ Data,https://www.numbeo.com/cost-of-living/in/Baku?displayCurrency=USD,13.01,5.88,20.59,2677,6,2023-12-01
Azerbaijan,Baku,Utilities (Monthly),"Internet (60 Mbps or More, Unlimited Data, Cable/ADSL)",https://www.numbeo.com/cost-of-living/in/Baku?displayCurrency=USD,15.49,10.59,29.41,2677,6,2023-12-01
Azerbaijan,Baku,Sports And Leisure,"Fitness Club, Monthly Fee for 1 Adult",https://www.numbeo.com/cost-of-living/in/Baku?displayCurrency=USD,39.71,20.59,58.82,2677,6,2023-12-01
Azerbaijan,Baku,Sports And Leisure,Tennis Court Rent (1 Hour on Weekend),https://www.numbeo.com/cost-of-living/in/Baku?displayCurrency=USD,21.41,11.76,29.41,2677,6,2023-12-01
Azerbaijan,Baku,Sports And Leisure,"Cinema, International Release, 1 Seat",https://www.numbeo.com/cost-of-living/in/Baku?displayCurrency=USD,5.88,4.71,8.82,2677,6,2023-12-01
Azerbaijan,Baku,Childcare,"Preschool (or Kindergarten), Full Day, Private, Monthly for 1 Child",https://www.numbeo.com/cost-of-living/in/Baku?displayCurrency=USD,216.53,117.65,294.12,2677,6,2023-12-01
Azerbaijan,Baku,Childcare,"International Primary School, Yearly for 1 Child",https://www.numbeo.com/cost-of-living/in/Baku?displayCurrency=USD,5796.79,2941.18,11764.71,2677,6,2023-12-01
Azerbaijan,Baku,Clothing And Shoes,1 Pair of Jeans (Levis 501 Or Similar),https://www.numbeo.com/cost-of-living/in/Baku?displayCurrency=USD,50.97,20.59,105.88,2677,6,2023-12-01
Azerbaijan,Baku,Clothing And Shoes,"1 Summer Dress in a Chain Store (Zara, H&M, ...)",https://www.numbeo.com/cost-of-living/in/Baku?displayCurrency=USD,47.46,17.650000000000002,88.24000000000001,2677,6,2023-12-01
Azerbaijan,Baku,Clothing And Shoes,1 Pair of Nike Running Shoes (Mid-Range),https://www.numbeo.com/cost-of-living/in/Baku?displayCurrency=USD,120.72,47.06,176.47,2677,6,2023-12-01
Azerbaijan,Baku,Clothing And Shoes,1 Pair of Men Leather Business Shoes,https://www.numbeo.com/cost-of-living/in/Baku?displayCurrency=USD,84.29,29.41,147.06,2677,6,2023-12-01
Azerbaijan,Baku,Rent Per Month,Apartment (1 bedroom) in City Centre,https://www.numbeo.com/cost-of-living/in/Baku?displayCurrency=USD,412.77,294.12,882.3499999999999,2677,6,2023-12-01
Azerbaijan,Baku,Rent Per Month,Apartment (1 bedroom) Outside of Centre,https://www.numbeo.com/cost-of-living/in/Baku?displayCurrency=USD,245.1,147.06,411.76,2677,6,2023-12-01
Azerbaijan,Baku,Rent Per Month,Apartment (3 bedrooms) in City Centre,https://www.numbeo.com/cost-of-living/in/Baku?displayCurrency=USD,911.57,470.59,1647.06,2677,6,2023-12-01
Azerbaijan,Baku,Rent Per Month,Apartment (3 bedrooms) Outside of Centre,https://www.numbeo.com/cost-of-living/in/Baku?displayCurrency=USD,447.87,264.71,764.71,2677,6,2023-12-01
Azerbaijan,Baku,Buy Apartment Price,Price per Square Meter to Buy Apartment in City Centre,https://www.numbeo.com/cost-of-living/in/Baku?displayCurrency=USD,1816.83,1470.59,2941.18,2677,6,2023-12-01
Azerbaijan,Baku,Buy Apartment Price,Price per Square Meter to Buy Apartment Outside of Centre,https://www.numbeo.com/cost-of-living/in/Baku?displayCurrency=USD,903.72,764.71,1176.47,2677,6,2023-12-01
Azerbaijan,Baku,Salaries And Financing,Average Monthly Net Salary (After Tax),https://www.numbeo.com/cost-of-living/in/Baku?displayCurrency=USD,434.02,NA,NA,2677,6,2023-12-01
Azerbaijan,Baku,Salaries And Financing,"Mortgage Interest Rate in Percentages (%), Yearly, for 20 Years Fixed-Rate",https://www.numbeo.com/cost-of-living/in/Baku?displayCurrency=USD,9.23,8,14,2677,6,2023-12-01
Iran,Tehran,Restaurants,"Meal, Inexpensive Restaurant",https://www.numbeo.com/cost-of-living/in/Tehran?displayCurrency=USD,4,2,8,3464,5,2023-12-01
Iran,Tehran,Restaurants,"Meal for 2 People, Mid-range Restaurant, Three-course",https://www.numbeo.com/cost-of-living/in/Tehran?displayCurrency=USD,25,15,70.96000000000001,3464,5,2023-12-01
Iran,Tehran,Restaurants,McMeal at McDonalds (or Equivalent Combo Meal),https://www.numbeo.com/cost-of-living/in/Tehran?displayCurrency=USD,4,3.04,5,3464,5,2023-12-01
Iran,Tehran,Restaurants,Domestic Non-Alcoholic Beer (0.5 liter draught),https://www.numbeo.com/cost-of-living/in/Tehran?displayCurrency=USD,0.8,0.5,2.5,3464,5,2023-12-01
Iran,Tehran,Restaurants,Imported Non-Alcoholic Beer (0.33 liter bottle),https://www.numbeo.com/cost-of-living/in/Tehran?displayCurrency=USD,1.5,1,3,3464,5,2023-12-01
Iran,Tehran,Restaurants,Cappuccino (regular),https://www.numbeo.com/cost-of-living/in/Tehran?displayCurrency=USD,1.35,0.6,2.3,3464,5,2023-12-01
Iran,Tehran,Restaurants,Coke/Pepsi (0.33 liter bottle),https://www.numbeo.com/cost-of-living/in/Tehran?displayCurrency=USD,0.58,0.4,2,3464,5,2023-12-01
Iran,Tehran,Restaurants,Water (0.33 liter bottle),https://www.numbeo.com/cost-of-living/in/Tehran?displayCurrency=USD,0.91,0.5,1.5,3464,5,2023-12-01
Iran,Tehran,Markets,"Milk (regular), (1 liter)",https://www.numbeo.com/cost-of-living/in/Tehran?displayCurrency=USD,0.62,0.47,1,3464,5,2023-12-01
Iran,Tehran,Markets,Loaf of Fresh White Bread (500g),https://www.numbeo.com/cost-of-living/in/Tehran?displayCurrency=USD,0.56,0.2,1.2,3464,5,2023-12-01
Iran,Tehran,Markets,"Rice (white), (1kg)",https://www.numbeo.com/cost-of-living/in/Tehran?displayCurrency=USD,2.38,1.6,3.28,3464,5,2023-12-01
Iran,Tehran,Markets,Eggs (regular) (12),https://www.numbeo.com/cost-of-living/in/Tehran?displayCurrency=USD,1.13,0.72,1.48,3464,5,2023-12-01
Iran,Tehran,Markets,Local Cheese (1kg),https://www.numbeo.com/cost-of-living/in/Tehran?displayCurrency=USD,3.81,2,7.7,3464,5,2023-12-01
Iran,Tehran,Markets,Chicken Fillets (1kg),https://www.numbeo.com/cost-of-living/in/Tehran?displayCurrency=USD,3.44,1.7,5,3464,5,2023-12-01
Iran,Tehran,Markets,Beef Round (1kg) (or Equivalent Back Leg Red Meat),https://www.numbeo.com/cost-of-living/in/Tehran?displayCurrency=USD,9.64,7,12,3464,5,2023-12-01
Iran,Tehran,Markets,Apples (1kg),https://www.numbeo.com/cost-of-living/in/Tehran?displayCurrency=USD,1.02,0.5,1.6,3464,5,2023-12-01
Iran,Tehran,Markets,Banana (1kg),https://www.numbeo.com/cost-of-living/in/Tehran?displayCurrency=USD,1.55,1,2,3464,5,2023-12-01
Iran,Tehran,Markets,Oranges (1kg),https://www.numbeo.com/cost-of-living/in/Tehran?displayCurrency=USD,0.99,0.5,2,3464,5,2023-12-01
Iran,Tehran,Markets,Tomato (1kg),https://www.numbeo.com/cost-of-living/in/Tehran?displayCurrency=USD,0.56,0.2,1,3464,5,2023-12-01
Iran,Tehran,Markets,Potato (1kg),https://www.numbeo.com/cost-of-living/in/Tehran?displayCurrency=USD,0.49,0.2,1,3464,5,2023-12-01
Iran,Tehran,Markets,Onion (1kg),https://www.numbeo.com/cost-of-living/in/Tehran?displayCurrency=USD,0.49,0.3,1,3464,5,2023-12-01
Iran,Tehran,Markets,Lettuce (1 head),https://www.numbeo.com/cost-of-living/in/Tehran?displayCurrency=USD,0.5,0.3,1,3464,5,2023-12-01
Iran,Tehran,Markets,Water (1.5 liter bottle),https://www.numbeo.com/cost-of-living/in/Tehran?displayCurrency=USD,0.23,0.15000000000000002,0.4,3464,5,2023-12-01
Iran,Tehran,Markets,Bottle of Non-Alcoholic Wine (Mid-Range),https://www.numbeo.com/cost-of-living/in/Tehran?displayCurrency=USD,1,0.5,2,3464,5,2023-12-01
Iran,Tehran,Markets,Domestic Non-Alcoholic Beer (0.5 liter bottle),https://www.numbeo.com/cost-of-living/in/Tehran?displayCurrency=USD,0.5700000000000001,0.3,1,3464,5,2023-12-01
Iran,Tehran,Markets,Imported Non-Alcoholic Beer (0.33 liter bottle),https://www.numbeo.com/cost-of-living/in/Tehran?displayCurrency=USD,1.4,0.5,2.14,3464,5,2023-12-01
Iran,Tehran,Markets,Cigarettes 20 Pack (Marlboro),https://www.numbeo.com/cost-of-living/in/Tehran?displayCurrency=USD,2.82,2,4,3464,5,2023-12-01
Iran,Tehran,Transportation,One-way Ticket (Local Transport),https://www.numbeo.com/cost-of-living/in/Tehran?displayCurrency=USD,0.3,0.2,0.8,3464,5,2023-12-01
Iran,Tehran,Transportation,Monthly Pass (Regular Price),https://www.numbeo.com/cost-of-living/in/Tehran?displayCurrency=USD,14.07,10,30,3464,5,2023-12-01
Iran,Tehran,Transportation,Taxi Start (Normal Tariff),https://www.numbeo.com/cost-of-living/in/Tehran?displayCurrency=USD,0.5,0.3,1,3464,5,2023-12-01
Iran,Tehran,Transportation,Taxi 1km (Normal Tariff),https://www.numbeo.com/cost-of-living/in/Tehran?displayCurrency=USD,0.3,0.2,0.7,3464,5,2023-12-01
Iran,Tehran,Transportation,Taxi 1hour Waiting (Normal Tariff),https://www.numbeo.com/cost-of-living/in/Tehran?displayCurrency=USD,3,2,5,3464,5,2023-12-01
Iran,Tehran,Transportation,Gasoline (1 liter),https://www.numbeo.com/cost-of-living/in/Tehran?displayCurrency=USD,0.75,0.5,1,3464,5,2023-12-01
Iran,Tehran,Transportation,Volkswagen Golf 1.4 90 KW Trendline (Or Equivalent New Car),https://www.numbeo.com/cost-of-living/in/Tehran?displayCurrency=USD,80000,65000,100000,3464,5,2023-12-01
Iran,Tehran,Transportation,Toyota Corolla Sedan 1.6l 97kW Comfort (Or Equivalent New Car),https://www.numbeo.com/cost-of-living/in/Tehran?displayCurrency=USD,66147.07,50000,80000,3464,5,2023-12-01
Iran,Tehran,Utilities (Monthly),"Basic (Electricity, Heating, Cooling, Water, Garbage) for 85m2 Apartment",https://www.numbeo.com/cost-of-living/in/Tehran?displayCurrency=USD,16.97,10,30,3464,5,2023-12-01
Iran,Tehran,Utilities (Monthly),Mobile Phone Monthly Plan with Calls and 10GB+ Data,https://www.numbeo.com/cost-of-living/in/Tehran?displayCurrency=USD,2.65,1.1800000000000002,6,3464,5,2023-12-01
Iran,Tehran,Utilities (Monthly),"Internet (60 Mbps or More, Unlimited Data, Cable/ADSL)",https://www.numbeo.com/cost-of-living/in/Tehran?displayCurrency=USD,7.74,4,20,3464,5,2023-12-01
Iran,Tehran,Sports And Leisure,"Fitness Club, Monthly Fee for 1 Adult",https://www.numbeo.com/cost-of-living/in/Tehran?displayCurrency=USD,17.27,9.46,30,3464,5,2023-12-01
Iran,Tehran,Sports And Leisure,Tennis Court Rent (1 Hour on Weekend),https://www.numbeo.com/cost-of-living/in/Tehran?displayCurrency=USD,12.63,7,20,3464,5,2023-12-01
Iran,Tehran,Sports And Leisure,"Cinema, International Release, 1 Seat",https://www.numbeo.com/cost-of-living/in/Tehran?displayCurrency=USD,1.5,1,2,3464,5,2023-12-01
Iran,Tehran,Childcare,"Preschool (or Kindergarten), Full Day, Private, Monthly for 1 Child",https://www.numbeo.com/cost-of-living/in/Tehran?displayCurrency=USD,141.42000000000002,70,250,3464,5,2023-12-01
Iran,Tehran,Childcare,"International Primary School, Yearly for 1 Child",https://www.numbeo.com/cost-of-living/in/Tehran?displayCurrency=USD,1917.28,1200,4200,3464,5,2023-12-01
Iran,Tehran,Clothing And Shoes,1 Pair of Jeans (Levis 501 Or Similar),https://www.numbeo.com/cost-of-living/in/Tehran?displayCurrency=USD,27.78,10,100,3464,5,2023-12-01
Iran,Tehran,Clothing And Shoes,"1 Summer Dress in a Chain Store (Zara, H&M, ...)",https://www.numbeo.com/cost-of-living/in/Tehran?displayCurrency=USD,34.93,13,70,3464,5,2023-12-01
Iran,Tehran,Clothing And Shoes,1 Pair of Nike Running Shoes (Mid-Range),https://www.numbeo.com/cost-of-living/in/Tehran?displayCurrency=USD,137.92000000000002,60,200,3464,5,2023-12-01
Iran,Tehran,Clothing And Shoes,1 Pair of Men Leather Business Shoes,https://www.numbeo.com/cost-of-living/in/Tehran?displayCurrency=USD,73.24000000000001,30,150,3464,5,2023-12-01
Iran,Tehran,Rent Per Month,Apartment (1 bedroom) in City Centre,https://www.numbeo.com/cost-of-living/in/Tehran?displayCurrency=USD,466.25,300,800,3464,5,2023-12-01
Iran,Tehran,Rent Per Month,Apartment (1 bedroom) Outside of Centre,https://www.numbeo.com/cost-of-living/in/Tehran?displayCurrency=USD,329.86,200,700,3464,5,2023-12-01
Iran,Tehran,Rent Per Month,Apartment (3 bedrooms) in City Centre,https://www.numbeo.com/cost-of-living/in/Tehran?displayCurrency=USD,946.25,500,1600,3464,5,2023-12-01
Iran,Tehran,Rent Per Month,Apartment (3 bedrooms) Outside of Centre,https://www.numbeo.com/cost-of-living/in/Tehran?displayCurrency=USD,665.7700000000001,400,1100,3464,5,2023-12-01
Iran,Tehran,Buy Apartment Price,Price per Square Meter to Buy Apartment in City Centre,https://www.numbeo.com/cost-of-living/in/Tehran?displayCurrency=USD,2292.29,1500,4000,3464,5,2023-12-01
Iran,Tehran,Buy Apartment Price,Price per Square Meter to Buy Apartment Outside of Centre,https://www.numbeo.com/cost-of-living/in/Tehran?displayCurrency=USD,1336.36,850,2000,3464,5,2023-12-01
Iran,Tehran,Salaries And Financing,Average Monthly Net Salary (After Tax),https://www.numbeo.com/cost-of-living/in/Tehran?displayCurrency=USD,253.4,NA,NA,3464,5,2023-12-01
Iran,Tehran,Salaries And Financing,"Mortgage Interest Rate in Percentages (%), Yearly, for 20 Years Fixed-Rate",https://www.numbeo.com/cost-of-living/in/Tehran?displayCurrency=USD,23.09,18,28,3464,5,2023-12-01
