"code","arm","eng","rus","year","production","vol_YoY_pct"
NA,"Ներքին արդյունք (համախառն, շուկայական գներով)","Domestic product (gross, market prices)","Внутренный продукт (валовой, в рыночных ценах)",2012,4266460.5,NA
NA,"Ներքին արդյունք (համախառն, շուկայական գներով)","Domestic product (gross, market prices)","Внутренный продукт (валовой, в рыночных ценах)",2013,4555638.2,103.3
NA,"Ներքին արդյունք (համախառն, շուկայական գներով)","Domestic product (gross, market prices)","Внутренный продукт (валовой, в рыночных ценах)",2014,4828626.3,103.6
NA,"Ներքին արդյունք (համախառն, շուկայական գներով)","Domestic product (gross, market prices)","Внутренный продукт (валовой, в рыночных ценах)",2015,5043633.199999999,103.2
NA,"Ներքին արդյունք (համախառն, շուկայական գներով)","Domestic product (gross, market prices)","Внутренный продукт (валовой, в рыночных ценах)",2016,5067293.5,100.2
NA,"Ներքին արդյունք (համախառն, շուկայական գներով)","Domestic product (gross, market prices)","Внутренный продукт (валовой, в рыночных ценах)",2017,5564493.3,107.5
NA,"Ներքին արդյունք (համախառն, շուկայական գներով)","Domestic product (gross, market prices)","Внутренный продукт (валовой, в рыночных ценах)",2018,6017035.200000001,105.2
NA,"Ներքին արդյունք (համախառն, շուկայական գներով)","Domestic product (gross, market prices)","Внутренный продукт (валовой, в рыночных ценах)",2019,6543321.8,107.6
NA,"Ներքին արդյունք (համախառն, շուկայական գներով)","Domestic product (gross, market prices)","Внутренный продукт (валовой, в рыночных ценах)",2020,6181902.600000001,92.8
NA,"Ներքին արդյունք (համախառն, շուկայական գներով)","Domestic product (gross, market prices)","Внутренный продукт (валовой, в рыночных ценах)",2021,6991777.799999999,105.8
NA,"Ներքին արդյունք (համախառն, շուկայական գներով)","Domestic product (gross, market prices)","Внутренный продукт (валовой, в рыночных ценах)",2022,8501449.399999999,112.6
NA,"Ներքին արդյունք (համախառն, շուկայական գներով)","Domestic product (gross, market prices)","Внутренный продукт (валовой, в рыночных ценах)",2023,9505221.599999998,108.7
NA,"Արտադրանքի հարկեր (հանած սուբսիդիաներ)","Taxes on products (less subsidies)","Налоги на продукты (за вычетом субсидий)",2012,458234.3,NA
NA,"Արտադրանքի հարկեր (հանած սուբսիդիաներ)","Taxes on products (less subsidies)","Налоги на продукты (за вычетом субсидий)",2013,506428.1,103.6
NA,"Արտադրանքի հարկեր (հանած սուբսիդիաներ)","Taxes on products (less subsidies)","Налоги на продукты (за вычетом субсидий)",2014,546334.9,101.8
NA,"Արտադրանքի հարկեր (հանած սուբսիդիաներ)","Taxes on products (less subsidies)","Налоги на продукты (за вычетом субсидий)",2015,535801.1,94.9
NA,"Արտադրանքի հարկեր (հանած սուբսիդիաներ)","Taxes on products (less subsidies)","Налоги на продукты (за вычетом субсидий)",2016,508803.6,96.3
NA,"Արտադրանքի հարկեր (հանած սուբսիդիաներ)","Taxes on products (less subsidies)","Налоги на продукты (за вычетом субсидий)",2017,572075,109.7
NA,"Արտադրանքի հարկեր (հանած սուբսիդիաներ)","Taxes on products (less subsidies)","Налоги на продукты (за вычетом субсидий)",2018,639224.8,108
NA,"Արտադրանքի հարկեր (հանած սուբսիդիաներ)","Taxes on products (less subsidies)","Налоги на продукты (за вычетом субсидий)",2019,745309,107.1
NA,"Արտադրանքի հարկեր (հանած սուբսիդիաներ)","Taxes on products (less subsidies)","Налоги на продукты (за вычетом субсидий)",2020,673951.6,90.1
NA,"Արտադրանքի հարկեր (հանած սուբսիդիաներ)","Taxes on products (less subsidies)","Налоги на продукты (за вычетом субсидий)",2021,767286.3,107.4
NA,"Արտադրանքի հարկեր (հանած սուբսիդիաներ)","Taxes on products (less subsidies)","Налоги на продукты (за вычетом субсидий)",2022,882891.6,108.1
NA,"Արտադրանքի հարկեր (հանած սուբսիդիաներ)","Taxes on products (less subsidies)","Налоги на продукты (за вычетом субсидий)",2023,1018242.7,111
NA,"Ավելացված արժեք (համախառն, հիմնական գներով)","Value added (gross, at basic prices)","Добавленная стоимость (валовая, в основных ценах)",2012,3808226.2,NA
NA,"Ավելացված արժեք (համախառն, հիմնական գներով)","Value added (gross, at basic prices)","Добавленная стоимость (валовая, в основных ценах)",2013,4049210.1,103.2
NA,"Ավելացված արժեք (համախառն, հիմնական գներով)","Value added (gross, at basic prices)","Добавленная стоимость (валовая, в основных ценах)",2014,4282291.4,103.9
NA,"Ավելացված արժեք (համախառն, հիմնական գներով)","Value added (gross, at basic prices)","Добавленная стоимость (валовая, в основных ценах)",2015,4507832.1,104.3
NA,"Ավելացված արժեք (համախառն, հիմնական գներով)","Value added (gross, at basic prices)","Добавленная стоимость (валовая, в основных ценах)",2016,4558489.9,100.6
NA,"Ավելացված արժեք (համախառն, հիմնական գներով)","Value added (gross, at basic prices)","Добавленная стоимость (валовая, в основных ценах)",2017,4992418.3,107.3
NA,"Ավելացված արժեք (համախառն, հիմնական գներով)","Value added (gross, at basic prices)","Добавленная стоимость (валовая, в основных ценах)",2018,5377810.400000001,104.9
NA,"Ավելացված արժեք (համախառն, հիմնական գներով)","Value added (gross, at basic prices)","Добавленная стоимость (валовая, в основных ценах)",2019,5798012.8,107.7
NA,"Ավելացված արժեք (համախառն, հիմնական գներով)","Value added (gross, at basic prices)","Добавленная стоимость (валовая, в основных ценах)",2020,5507951,93.2
NA,"Ավելացված արժեք (համախառն, հիմնական գներով)","Value added (gross, at basic prices)","Добавленная стоимость (валовая, в основных ценах)",2021,6224491.499999999,105.6
NA,"Ավելացված արժեք (համախառն, հիմնական գներով)","Value added (gross, at basic prices)","Добавленная стоимость (валовая, в основных ценах)",2022,7618557.799999999,113.1
NA,"Ավելացված արժեք (համախառն, հիմնական գներով)","Value added (gross, at basic prices)","Добавленная стоимость (валовая, в основных ценах)",2023,8486978.899999999,108.5
NA,"Ֆինանս.միջնորդության անուղղակի չափվող ծառայություններ (ՖՄԱՉԾ)","Financial Intermediate Services Indirectly Measured (FISIM)","Косвенно измеряемые услуги финансового посредничества (КИУФП)",2012,-92970.2,NA
NA,"Ֆինանս.միջնորդության անուղղակի չափվող ծառայություններ (ՖՄԱՉԾ)","Financial Intermediate Services Indirectly Measured (FISIM)","Косвенно измеряемые услуги финансового посредничества (КИУФП)",2013,-91572,95.8
NA,"Ֆինանս.միջնորդության անուղղակի չափվող ծառայություններ (ՖՄԱՉԾ)","Financial Intermediate Services Indirectly Measured (FISIM)","Косвенно измеряемые услуги финансового посредничества (КИУФП)",2014,-99958,106
NA,"Ֆինանս.միջնորդության անուղղակի չափվող ծառայություններ (ՖՄԱՉԾ)","Financial Intermediate Services Indirectly Measured (FISIM)","Косвенно измеряемые услуги финансового посредничества (КИУФП)",2015,-89161.6,87.5
NA,"Ֆինանս.միջնորդության անուղղակի չափվող ծառայություններ (ՖՄԱՉԾ)","Financial Intermediate Services Indirectly Measured (FISIM)","Косвенно измеряемые услуги финансового посредничества (КИУФП)",2016,-97243.9,108.7
NA,"Ֆինանս.միջնորդության անուղղակի չափվող ծառայություններ (ՖՄԱՉԾ)","Financial Intermediate Services Indirectly Measured (FISIM)","Косвенно измеряемые услуги финансового посредничества (КИУФП)",2017,-102935.4,104.5
NA,"Ֆինանս.միջնորդության անուղղակի չափվող ծառայություններ (ՖՄԱՉԾ)","Financial Intermediate Services Indirectly Measured (FISIM)","Косвенно измеряемые услуги финансового посредничества (КИУФП)",2018,-116655.8,110.8
NA,"Ֆինանս.միջնորդության անուղղակի չափվող ծառայություններ (ՖՄԱՉԾ)","Financial Intermediate Services Indirectly Measured (FISIM)","Косвенно измеряемые услуги финансового посредничества (КИУФП)",2019,-121756.9,103
NA,"Ֆինանս.միջնորդության անուղղակի չափվող ծառայություններ (ՖՄԱՉԾ)","Financial Intermediate Services Indirectly Measured (FISIM)","Косвенно измеряемые услуги финансового посредничества (КИУФП)",2020,-142821.3,116.5
NA,"Ֆինանս.միջնորդության անուղղակի չափվող ծառայություններ (ՖՄԱՉԾ)","Financial Intermediate Services Indirectly Measured (FISIM)","Косвенно измеряемые услуги финансового посредничества (КИУФП)",2021,-123082,84.5
NA,"Ֆինանս.միջնորդության անուղղակի չափվող ծառայություններ (ՖՄԱՉԾ)","Financial Intermediate Services Indirectly Measured (FISIM)","Косвенно измеряемые услуги финансового посредничества (КИУФП)",2022,-134764.3,101.7
NA,"Ֆինանս.միջնորդության անուղղակի չափվող ծառայություններ (ՖՄԱՉԾ)","Financial Intermediate Services Indirectly Measured (FISIM)","Косвенно измеряемые услуги финансового посредничества (КИУФП)",2023,-194532.3,136.4
"A","Գյուղատնտեսություն, անտառային տնտեսություն և ձկնորսություն","Agriculture, forestry and fishing","Сельское хозяйство, лесное хозяйство и рыболовство",2012,764237.5,NA
"A","Գյուղատնտեսություն, անտառային տնտեսություն և ձկնորսություն","Agriculture, forestry and fishing","Сельское хозяйство, лесное хозяйство и рыболовство",2013,839821.1,107.6
"A","Գյուղատնտեսություն, անտառային տնտեսություն և ձկնորսություն","Agriculture, forestry and fishing","Сельское хозяйство, лесное хозяйство и рыболовство",2014,872631.1,106.1
"A","Գյուղատնտեսություն, անտառային տնտեսություն և ձկնորսություն","Agriculture, forestry and fishing","Сельское хозяйство, лесное хозяйство и рыболовство",2015,868671,113.2
"A","Գյուղատնտեսություն, անտառային տնտեսություն և ձկնորսություն","Agriculture, forestry and fishing","Сельское хозяйство, лесное хозяйство и рыболовство",2016,830553.4,95
"A","Գյուղատնտեսություն, անտառային տնտեսություն և ձկնորսություն","Agriculture, forestry and fishing","Сельское хозяйство, лесное хозяйство и рыболовство",2017,834354.6,94.9
"A","Գյուղատնտեսություն, անտառային տնտեսություն և ձկնորսություն","Agriculture, forestry and fishing","Сельское хозяйство, лесное хозяйство и рыболовство",2018,838913.7999999998,93.1
"A","Գյուղատնտեսություն, անտառային տնտեսություն և ձկնորսություն","Agriculture, forestry and fishing","Сельское хозяйство, лесное хозяйство и рыболовство",2019,754157.8,94.2
"A","Գյուղատնտեսություն, անտառային տնտեսություն և ձկնորսություն","Agriculture, forestry and fishing","Сельское хозяйство, лесное хозяйство и рыболовство",2020,701633.9000000001,96.3
"A","Գյուղատնտեսություն, անտառային տնտեսություն և ձկնորսություն","Agriculture, forestry and fishing","Сельское хозяйство, лесное хозяйство и рыболовство",2021,793115.7,99.2
"A","Գյուղատնտեսություն, անտառային տնտեսություն և ձկնորսություն","Agriculture, forestry and fishing","Сельское хозяйство, лесное хозяйство и рыболовство",2022,862616.9,97.2
"A","Գյուղատնտեսություն, անտառային տնտեսություն և ձկնորսություն","Agriculture, forestry and fishing","Сельское хозяйство, лесное хозяйство и рыболовство",2023,801776.7,102.9
"B","Հանքագործական արդյունաբերություն և բացահանքերի շահագործում","Mining and quarrying","Горнодобывающая промышленность, разработка открытых карьеров",2012,115677.7,NA
"B","Հանքագործական արդյունաբերություն և բացահանքերի շահագործում","Mining and quarrying","Горнодобывающая промышленность, разработка открытых карьеров",2013,102686.8,105.9
"B","Հանքագործական արդյունաբերություն և բացահանքերի շահագործում","Mining and quarrying","Горнодобывающая промышленность, разработка открытых карьеров",2014,102553.2,93.6
"B","Հանքագործական արդյունաբերություն և բացահանքերի շահագործում","Mining and quarrying","Горнодобывающая промышленность, разработка открытых карьеров",2015,107717.5,156.8
"B","Հանքագործական արդյունաբերություն և բացահանքերի շահագործում","Mining and quarrying","Горнодобывающая промышленность, разработка открытых карьеров",2016,130835.2,105.9
"B","Հանքագործական արդյունաբերություն և բացահանքերի շահագործում","Mining and quarrying","Горнодобывающая промышленность, разработка открытых карьеров",2017,185510.3,125.7
"B","Հանքագործական արդյունաբերություն և բացահանքերի շահագործում","Mining and quarrying","Горнодобывающая промышленность, разработка открытых карьеров",2018,169794.8,84.5
"B","Հանքագործական արդյունաբերություն և բացահանքերի շահագործում","Mining and quarrying","Горнодобывающая промышленность, разработка открытых карьеров",2019,212868.3,137.1
"B","Հանքագործական արդյունաբերություն և բացահանքերի շահագործում","Mining and quarrying","Горнодобывающая промышленность, разработка открытых карьеров",2020,239209.8,111.2
"B","Հանքագործական արդյունաբերություն և բացահանքերի շահագործում","Mining and quarrying","Горнодобывающая промышленность, разработка открытых карьеров",2021,386785.0999999999,99.8
"B","Հանքագործական արդյունաբերություն և բացահանքերի շահագործում","Mining and quarrying","Горнодобывающая промышленность, разработка открытых карьеров",2022,334741,98.7
"B","Հանքագործական արդյունաբերություն և բացահանքերի շահագործում","Mining and quarrying","Горнодобывающая промышленность, разработка открытых карьеров",2023,278824.6,90.4
"C","Մշակող արդյունաբերություն","Manufacturing","Обрабатывющая промышленность",2012,402103.6,NA
"C","Մշակող արդյունաբերություն","Manufacturing","Обрабатывющая промышленность",2013,441103.1,107.7
"C","Մշակող արդյունաբերություն","Manufacturing","Обрабатывющая промышленность",2014,466754.6,106
"C","Մշակող արդյունաբերություն","Manufacturing","Обрабатывющая промышленность",2015,464325.5,94.5
"C","Մշակող արդյունաբերություն","Manufacturing","Обрабатывющая промышленность",2016,521153.4,111.1
"C","Մշակող արդյունաբերություն","Manufacturing","Обрабатывющая промышленность",2017,591568.3,111.8
"C","Մշակող արդյունաբերություն","Manufacturing","Обрабатывющая промышленность",2018,678235.3,111.2
"C","Մշակող արդյունաբերություն","Manufacturing","Обрабатывющая промышленность",2019,766320.6,109.5
"C","Մշակող արդյունաբերություն","Manufacturing","Обрабатывющая промышленность",2020,763150.3000000003,96
"C","Մշակող արդյունաբերություն","Manufacturing","Обрабатывющая промышленность",2021,771304.2999999998,102.6
"C","Մշակող արդյունաբերություն","Manufacturing","Обрабатывющая промышленность",2022,971902.1,112.5
"C","Մշակող արդյունաբերություն","Manufacturing","Обрабатывющая промышленность",2023,1050086.4,102.1
"D","Էլեկտրականության, գազի, գոլորշու և լավորակ օդի մատակարարում","Electricity, gas, steam and air conditioning supply","Обеспечение электроэнергией, газом, паром и кондиционированным воздухом",2012,154646,NA
"D","Էլեկտրականության, գազի, գոլորշու և լավորակ օդի մատակարարում","Electricity, gas, steam and air conditioning supply","Обеспечение электроэнергией, газом, паром и кондиционированным воздухом",2013,183232,102.8
"D","Էլեկտրականության, գազի, գոլորշու և լավորակ օդի մատակարարում","Electricity, gas, steam and air conditioning supply","Обеспечение электроэнергией, газом, паром и кондиционированным воздухом",2014,188032.3,84.8
"D","Էլեկտրականության, գազի, գոլորշու և լավորակ օդի մատակարարում","Electricity, gas, steam and air conditioning supply","Обеспечение электроэнергией, газом, паром и кондиционированным воздухом",2015,231279,105.3
"D","Էլեկտրականության, գազի, գոլորշու և լավորակ օդի մատակարարում","Electricity, gas, steam and air conditioning supply","Обеспечение электроэнергией, газом, паром и кондиционированным воздухом",2016,227107.8,100
"D","Էլեկտրականության, գազի, գոլորշու և լավորակ օդի մատակարարում","Electricity, gas, steam and air conditioning supply","Обеспечение электроэнергией, газом, паром и кондиционированным воздухом",2017,226849.4,103.8
"D","Էլեկտրականության, գազի, գոլորշու և լավորակ օդի մատակարարում","Electricity, gas, steam and air conditioning supply","Обеспечение электроэнергией, газом, паром и кондиционированным воздухом",2018,212446.4,104.9
"D","Էլեկտրականության, գազի, գոլորշու և լավորակ օդի մատակարարում","Electricity, gas, steam and air conditioning supply","Обеспечение электроэнергией, газом, паром и кондиционированным воздухом",2019,205510.6,100.5
"D","Էլեկտրականության, գազի, գոլորշու և լավորակ օդի մատակարարում","Electricity, gas, steam and air conditioning supply","Обеспечение электроэнергией, газом, паром и кондиционированным воздухом",2020,202364.60000000003,98.8
"D","Էլեկտրականության, գազի, գոլորշու և լավորակ օդի մատակարարում","Electricity, gas, steam and air conditioning supply","Обеспечение электроэнергией, газом, паром и кондиционированным воздухом",2021,202361.1,104.1
"D","Էլեկտրականության, գազի, գոլորշու և լավորակ օդի մատակարարում","Electricity, gas, steam and air conditioning supply","Обеспечение электроэнергией, газом, паром и кондиционированным воздухом",2022,247613.6,101.6
"D","Էլեկտրականության, գազի, գոլորշու և լավորակ օդի մատակարարում","Electricity, gas, steam and air conditioning supply","Обеспечение электроэнергией, газом, паром и кондиционированным воздухом",2023,244997.1,103.9
"E","Ջրամատակարարում, կոյուղի, թափոնների կառավարում և վերամշակում","Water supply, sewerage, waste management and remediation activities","Водоснабжение, канализация, очистка, обработка отходов и получение вторичного сырья",2012,13721.3,NA
"E","Ջրամատակարարում, կոյուղի, թափոնների կառավարում և վերամշակում","Water supply, sewerage, waste management and remediation activities","Водоснабжение, канализация, очистка, обработка отходов и получение вторичного сырья",2013,13181.7,107.7
"E","Ջրամատակարարում, կոյուղի, թափոնների կառավարում և վերամշակում","Water supply, sewerage, waste management and remediation activities","Водоснабжение, канализация, очистка, обработка отходов и получение вторичного сырья",2014,14106.9,111.9
"E","Ջրամատակարարում, կոյուղի, թափոնների կառավարում և վերամշակում","Water supply, sewerage, waste management and remediation activities","Водоснабжение, канализация, очистка, обработка отходов и получение вторичного сырья",2015,19223.5,139.8
"E","Ջրամատակարարում, կոյուղի, թափոնների կառավարում և վերամշակում","Water supply, sewerage, waste management and remediation activities","Водоснабжение, канализация, очистка, обработка отходов и получение вторичного сырья",2016,23795.6,125.3
"E","Ջրամատակարարում, կոյուղի, թափոնների կառավարում և վերամշակում","Water supply, sewerage, waste management and remediation activities","Водоснабжение, канализация, очистка, обработка отходов и получение вторичного сырья",2017,27839,110.1
"E","Ջրամատակարարում, կոյուղի, թափոնների կառավարում և վերամշակում","Water supply, sewerage, waste management and remediation activities","Водоснабжение, канализация, очистка, обработка отходов и получение вторичного сырья",2018,31779.299999999996,107.2
"E","Ջրամատակարարում, կոյուղի, թափոնների կառավարում և վերամշակում","Water supply, sewerage, waste management and remediation activities","Водоснабжение, канализация, очистка, обработка отходов и получение вторичного сырья",2019,33828.2,106.2
"E","Ջրամատակարարում, կոյուղի, թափոնների կառավարում և վերամշակում","Water supply, sewerage, waste management and remediation activities","Водоснабжение, канализация, очистка, обработка отходов и получение вторичного сырья",2020,26027.4,77.4
"E","Ջրամատակարարում, կոյուղի, թափոնների կառավարում և վերամշակում","Water supply, sewerage, waste management and remediation activities","Водоснабжение, канализация, очистка, обработка отходов и получение вторичного сырья",2021,27684.799999999996,108.4
"E","Ջրամատակարարում, կոյուղի, թափոնների կառավարում և վերամշակում","Water supply, sewerage, waste management and remediation activities","Водоснабжение, канализация, очистка, обработка отходов и получение вторичного сырья",2022,30262,102.4
"E","Ջրամատակարարում, կոյուղի, թափոնների կառավարում և վերամշակում","Water supply, sewerage, waste management and remediation activities","Водоснабжение, канализация, очистка, обработка отходов и получение вторичного сырья",2023,33691.899999999994,108
"F","Շինարարություն","Construction","Строительство",2012,501083.4,NA
"F","Շինարարություն","Construction","Строительство",2013,476564,92.6
"F","Շինարարություն","Construction","Строительство",2014,448772.6,95.5
"F","Շինարարություն","Construction","Строительство",2015,474107,96.9
"F","Շինարարություն","Construction","Строительство",2016,393176.4,85.9
"F","Շինարարություն","Construction","Строительство",2017,404402.7,102.8
"F","Շինարարություն","Construction","Строительство",2018,397355,100.6
"F","Շինարարություն","Construction","Строительство",2019,415445,106.5
"F","Շինարարություն","Construction","Строительство",2020,427067.00000000006,94.1
"F","Շինարարություն","Construction","Строительство",2021,455200.8,103.1
"F","Շինարարություն","Construction","Строительство",2022,578003.2,118.6
"F","Շինարարություն","Construction","Строительство",2023,654082.7,116
"G","Մեծածախ և մանրածախ առևտուր. ավտոմեքենաների և մոտոցիկլների նորոգում","Wholesale and retail trade; repair of motor vehicles, motorcycles","Оптовая и розничная торговля, ремонт автомобилей и мотоциклов",2012,514924.3,NA
"G","Մեծածախ և մանրածախ առևտուր. ավտոմեքենաների և մոտոցիկլների նորոգում","Wholesale and retail trade; repair of motor vehicles, motorcycles","Оптовая и розничная торговля, ремонт автомобилей и мотоциклов",2013,548613.3,101.8
"G","Մեծածախ և մանրածախ առևտուր. ավտոմեքենաների և մոտոցիկլների նորոգում","Wholesale and retail trade; repair of motor vehicles, motorcycles","Оптовая и розничная торговля, ремонт автомобилей и мотоциклов",2014,570369,103.4
"G","Մեծածախ և մանրածախ առևտուր. ավտոմեքենաների և մոտոցիկլների նորոգում","Wholesale and retail trade; repair of motor vehicles, motorcycles","Оптовая и розничная торговля, ремонт автомобилей и мотоциклов",2015,551484.5,91.7
"G","Մեծածախ և մանրածախ առևտուր. ավտոմեքենաների և մոտոցիկլների նորոգում","Wholesale and retail trade; repair of motor vehicles, motorcycles","Оптовая и розничная торговля, ремонт автомобилей и мотоциклов",2016,499043.6,105.1
"G","Մեծածախ և մանրածախ առևտուր. ավտոմեքենաների և մոտոցիկլների նորոգում","Wholesale and retail trade; repair of motor vehicles, motorcycles","Оптовая и розничная торговля, ремонт автомобилей и мотоциклов",2017,614987.4,120.5
"G","Մեծածախ և մանրածախ առևտուր. ավտոմեքենաների և մոտոցիկլների նորոգում","Wholesale and retail trade; repair of motor vehicles, motorcycles","Оптовая и розничная торговля, ремонт автомобилей и мотоциклов",2018,692653.8000000002,109.3
"G","Մեծածախ և մանրածախ առևտուր. ավտոմեքենաների և մոտոցիկլների նորոգում","Wholesale and retail trade; repair of motor vehicles, motorcycles","Оптовая и розничная торговля, ремонт автомобилей и мотоциклов",2019,762887.5,109
"G","Մեծածախ և մանրածախ առևտուր. ավտոմեքենաների և մոտոցիկլների նորոգում","Wholesale and retail trade; repair of motor vehicles, motorcycles","Оптовая и розничная торговля, ремонт автомобилей и мотоциклов",2020,669964.7,86.8
"G","Մեծածախ և մանրածախ առևտուր. ավտոմեքենաների և մոտոցիկլների նորոգում","Wholesale and retail trade; repair of motor vehicles, motorcycles","Оптовая и розничная торговля, ремонт автомобилей и мотоциклов",2021,770436.1000000001,107.4
"G","Մեծածախ և մանրածախ առևտուր. ավտոմեքենաների և մոտոցիկլների նորոգում","Wholesale and retail trade; repair of motor vehicles, motorcycles","Оптовая и розничная торговля, ремонт автомобилей и мотоциклов",2022,988377.4,117.6
"G","Մեծածախ և մանրածախ առևտուր. ավտոմեքենաների և մոտոցիկլների նորոգում","Wholesale and retail trade; repair of motor vehicles, motorcycles","Оптовая и розничная торговля, ремонт автомобилей и мотоциклов",2023,1200626.3,123.5
"H","Փոխադրումներ և պահեստային տնտեսություն","Тransportations and warehouse economy","Перевозки и складское хозяйство",2012,130856.8,NA
"H","Փոխադրումներ և պահեստային տնտեսություն","Тransportations and warehouse economy","Перевозки и складское хозяйство",2013,120135.6,88.1
"H","Փոխադրումներ և պահեստային տնտեսություն","Тransportations and warehouse economy","Перевозки и складское хозяйство",2014,144518.3,119.6
"H","Փոխադրումներ և պահեստային տնտեսություն","Тransportations and warehouse economy","Перевозки и складское хозяйство",2015,125911.5,84.1
"H","Փոխադրումներ և պահեստային տնտեսություն","Тransportations and warehouse economy","Перевозки и складское хозяйство",2016,143495.6,116.5
"H","Փոխադրումներ և պահեստային տնտեսություն","Тransportations and warehouse economy","Перевозки и складское хозяйство",2017,169358.20000000007,114.2
"H","Փոխադրումներ և պահեստային տնտեսություն","Тransportations and warehouse economy","Перевозки и складское хозяйство",2018,192123.2,110
"H","Փոխադրումներ և պահեստային տնտեսություն","Тransportations and warehouse economy","Перевозки и складское хозяйство",2019,208051,106.7
"H","Փոխադրումներ և պահեստային տնտեսություն","Тransportations and warehouse economy","Перевозки и складское хозяйство",2020,147721.3,70.8
"H","Փոխադրումներ և պահեստային տնտեսություն","Тransportations and warehouse economy","Перевозки и складское хозяйство",2021,214482.3,126.3
"H","Փոխադրումներ և պահեստային տնտեսություն","Тransportations and warehouse economy","Перевозки и складское хозяйство",2022,300421.1,128.5
"H","Փոխադրումներ և պահեստային տնտեսություն","Тransportations and warehouse economy","Перевозки и складское хозяйство",2023,363225.5,113.5
"I","Կացության և հանրային սննդի կազմակերպում","Accommodation and food service activities","Организация проживания и общественного питания",2012,36093.8,NA
"I","Կացության և հանրային սննդի կազմակերպում","Accommodation and food service activities","Организация проживания и общественного питания",2013,44336.4,118.5
"I","Կացության և հանրային սննդի կազմակերպում","Accommodation and food service activities","Организация проживания и общественного питания",2014,55106.1,116.2
"I","Կացության և հանրային սննդի կազմակերպում","Accommodation and food service activities","Организация проживания и общественного питания",2015,60263.3,103.7
"I","Կացության և հանրային սննդի կազմակերպում","Accommodation and food service activities","Организация проживания и общественного питания",2016,62415.9,102.1
"I","Կացության և հանրային սննդի կազմակերպում","Accommodation and food service activities","Организация проживания и общественного питания",2017,78159.5,124.9
"I","Կացության և հանրային սննդի կազմակերպում","Accommodation and food service activities","Организация проживания и общественного питания",2018,97263.90000000001,120.1
"I","Կացության և հանրային սննդի կազմակերպում","Accommodation and food service activities","Организация проживания и общественного питания",2019,123527.3,122.7
"I","Կացության և հանրային սննդի կազմակերպում","Accommodation and food service activities","Организация проживания и общественного питания",2020,69333.30000000002,56.4
"I","Կացության և հանրային սննդի կազմակերպում","Accommodation and food service activities","Организация проживания и общественного питания",2021,106664.80000000002,144.8
"I","Կացության և հանրային սննդի կազմակերպում","Accommodation and food service activities","Организация проживания и общественного питания",2022,151121.1,130
"I","Կացության և հանրային սննդի կազմակերպում","Accommodation and food service activities","Организация проживания и общественного питания",2023,215923.8,130.9
"J","Տեղեկատվություն և կապ","Information and communication","Информация и связь",2012,145966.7,NA
"J","Տեղեկատվություն և կապ","Information and communication","Информация и связь",2013,150997.3,111.1
"J","Տեղեկատվություն և կապ","Information and communication","Информация и связь",2014,162218.4,110
"J","Տեղեկատվություն և կապ","Information and communication","Информация и связь",2015,170900.5,108.5
"J","Տեղեկատվություն և կապ","Information and communication","Информация и связь",2016,179238.8,106
"J","Տեղեկատվություն և կապ","Information and communication","Информация и связь",2017,185607.9,104.8
"J","Տեղեկատվություն և կապ","Information and communication","Информация и связь",2018,193574.59999999998,104.5
"J","Տեղեկատվություն և կապ","Information and communication","Информация и связь",2019,218429.7,113
"J","Տեղեկատվություն և կապ","Information and communication","Информация и связь",2020,235246.60000000003,107.2
"J","Տեղեկատվություն և կապ","Information and communication","Информация и связь",2021,258844.80000000002,109.1
"J","Տեղեկատվություն և կապ","Information and communication","Информация и связь",2022,381679.1,148.5
"J","Տեղեկատվություն և կապ","Information and communication","Информация и связь",2023,508475.3,134.5
"K","Ֆինանսական և ապահովագրական գործունեություն","Financial and insurance activities","Финансовая и страховая деятельность",2012,170434.2,NA
"K","Ֆինանսական և ապահովագրական գործունեություն","Financial and insurance activities","Финансовая и страховая деятельность",2013,182900.3,107.8
"K","Ֆինանսական և ապահովագրական գործունեություն","Financial and insurance activities","Финансовая и страховая деятельность",2014,206610,113.7
"K","Ֆինանսական և ապահովագրական գործունեություն","Financial and insurance activities","Финансовая и страховая деятельность",2015,196289.5,96.1
"K","Ֆինանսական և ապահովագրական գործունեություն","Financial and insurance activities","Финансовая и страховая деятельность",2016,221916.9,108.9
"K","Ֆինանսական և ապահովագրական գործունեություն","Financial and insurance activities","Финансовая и страховая деятельность",2017,272755.79999999993,118.5
"K","Ֆինանսական և ապահովագրական գործունեություն","Financial and insurance activities","Финансовая и страховая деятельность",2018,330363.19999999995,122.3
"K","Ֆինանսական և ապահովագրական գործունեություն","Financial and insurance activities","Финансовая и страховая деятельность",2019,395158,120.5
"K","Ֆինանսական և ապահովագրական գործունեություն","Financial and insurance activities","Финансовая и страховая деятельность",2020,430476.10000000003,108.9
"K","Ֆինանսական և ապահովագրական գործունեություն","Financial and insurance activities","Финансовая и страховая деятельность",2021,416143.5,97.6
"K","Ֆինանսական և ապահովագրական գործունեություն","Financial and insurance activities","Финансовая и страховая деятельность",2022,698227.2,150.7
"K","Ֆինանսական և ապահովագրական գործունեություն","Financial and insurance activities","Финансовая и страховая деятельность",2023,701219.5999999999,89.7
"L","Անշարժ գույքի հետ կապված գործունեություն","Real estate activities","Операции с недвижимым имуществом",2012,349913.5,NA
"L","Անշարժ գույքի հետ կապված գործունեություն","Real estate activities","Операции с недвижимым имуществом",2013,370966.7,101.7
"L","Անշարժ գույքի հետ կապված գործունեություն","Real estate activities","Операции с недвижимым имуществом",2014,403714.9,100.5
"L","Անշարժ գույքի հետ կապված գործունեություն","Real estate activities","Операции с недвижимым имуществом",2015,437501.1,100.6
"L","Անշարժ գույքի հետ կապված գործունեություն","Real estate activities","Операции с недвижимым имуществом",2016,434591.5,89.9
"L","Անշարժ գույքի հետ կապված գործունեություն","Real estate activities","Операции с недвижимым имуществом",2017,436485.5,99.9
"L","Անշարժ գույքի հետ կապված գործունեություն","Real estate activities","Операции с недвижимым имуществом",2018,459860.6,100
"L","Անշարժ գույքի հետ կապված գործունեություն","Real estate activities","Операции с недвижимым имуществом",2019,511655.6,109.7
"L","Անշարժ գույքի հետ կապված գործունեություն","Real estate activities","Операции с недвижимым имуществом",2020,429053.50000000006,80.8
"L","Անշարժ գույքի հետ կապված գործունեություն","Real estate activities","Операции с недвижимым имуществом",2021,525252.6,115.9
"L","Անշարժ գույքի հետ կապված գործունեություն","Real estate activities","Операции с недвижимым имуществом",2022,686552.2,107.9
"L","Անշարժ գույքի հետ կապված գործունեություն","Real estate activities","Операции с недвижимым имуществом",2023,794926.3,100.7
"M","Մասնագիտական, գիտական և տեխնիկական գործունեություն","Professional, scientific and technical activities","Профессиональная, научная и техническая деятельность",2012,41310.8,NA
"M","Մասնագիտական, գիտական և տեխնիկական գործունեություն","Professional, scientific and technical activities","Профессиональная, научная и техническая деятельность",2013,45910.2,108
"M","Մասնագիտական, գիտական և տեխնիկական գործունեություն","Professional, scientific and technical activities","Профессиональная, научная и техническая деятельность",2014,53550.8,113.2
"M","Մասնագիտական, գիտական և տեխնիկական գործունեություն","Professional, scientific and technical activities","Профессиональная, научная и техническая деятельность",2015,58260.2,98.9
"M","Մասնագիտական, գիտական և տեխնիկական գործունեություն","Professional, scientific and technical activities","Профессиональная, научная и техническая деятельность",2016,60943.1,97
"M","Մասնագիտական, գիտական և տեխնիկական գործունեություն","Professional, scientific and technical activities","Профессиональная, научная и техническая деятельность",2017,60539.8,98.9
"M","Մասնագիտական, գիտական և տեխնիկական գործունեություն","Professional, scientific and technical activities","Профессиональная, научная и техническая деятельность",2018,69233.8,114.6
"M","Մասնագիտական, գիտական և տեխնիկական գործունեություն","Professional, scientific and technical activities","Профессиональная, научная и техническая деятельность",2019,77817.7,110.5
"M","Մասնագիտական, գիտական և տեխնիկական գործունեություն","Professional, scientific and technical activities","Профессиональная, научная и техническая деятельность",2020,66216,83.6
"M","Մասնագիտական, գիտական և տեխնիկական գործունեություն","Professional, scientific and technical activities","Профессиональная, научная и техническая деятельность",2021,83324.6,122.9
"M","Մասնագիտական, գիտական և տեխնիկական գործունեություն","Professional, scientific and technical activities","Профессиональная, научная и техническая деятельность",2022,117499.8,132.7
"M","Մասնագիտական, գիտական և տեխնիկական գործունեություն","Professional, scientific and technical activities","Профессиональная, научная и техническая деятельность",2023,146587.69999999998,103.2
"N","Վարչարարական և օժանդակ գործունեություն","Administrative and support service activities","Административная и вспомогательная деятельность",2012,41507.8,NA
"N","Վարչարարական և օժանդակ գործունեություն","Administrative and support service activities","Административная и вспомогательная деятельность",2013,38423.3,87.8
"N","Վարչարարական և օժանդակ գործունեություն","Administrative and support service activities","Административная и вспомогательная деятельность",2014,41225.2,106.2
"N","Վարչարարական և օժանդակ գործունեություն","Administrative and support service activities","Административная и вспомогательная деятельность",2015,41775.1,96.9
"N","Վարչարարական և օժանդակ գործունեություն","Administrative and support service activities","Административная и вспомогательная деятельность",2016,44738.6,106.8
"N","Վարչարարական և օժանդակ գործունեություն","Administrative and support service activities","Административная и вспомогательная деятельность",2017,50412.70000000001,111.5
"N","Վարչարարական և օժանդակ գործունեություն","Administrative and support service activities","Административная и вспомогательная деятельность",2018,54501.9,105.6
"N","Վարչարարական և օժանդակ գործունեություն","Administrative and support service activities","Административная и вспомогательная деятельность",2019,61237.6,115.9
"N","Վարչարարական և օժանդակ գործունեություն","Administrative and support service activities","Административная и вспомогательная деятельность",2020,37759.8,64
"N","Վարչարարական և օժանդակ գործունեություն","Administrative and support service activities","Административная и вспомогательная деятельность",2021,48730.499999999985,129.1
"N","Վարչարարական և օժանդակ գործունեություն","Administrative and support service activities","Административная и вспомогательная деятельность",2022,64897,119.5
"N","Վարչարարական և օժանդակ գործունեություն","Administrative and support service activities","Административная и вспомогательная деятельность",2023,81272.90000000001,106.9
"O","Պետական կառավարում և պաշտպանություն. պարտադիր սոցիալական ապահովագրություն","Public administration and defence; compulsory social security","Государственное управление и оборона, обязательное социальное страхование",2012,158168.5,NA
"O","Պետական կառավարում և պաշտպանություն. պարտադիր սոցիալական ապահովագրություն","Public administration and defence; compulsory social security","Государственное управление и оборона, обязательное социальное страхование",2013,183798.9,106.6
"O","Պետական կառավարում և պաշտպանություն. պարտադիր սոցիալական ապահովագրություն","Public administration and defence; compulsory social security","Государственное управление и оборона, обязательное социальное страхование",2014,207902.5,107.4
"O","Պետական կառավարում և պաշտպանություն. պարտադիր սոցիալական ապահովագրություն","Public administration and defence; compulsory social security","Государственное управление и оборона, обязательное социальное страхование",2015,244553.5,107.9
"O","Պետական կառավարում և պաշտպանություն. պարտադիր սոցիալական ապահովագրություն","Public administration and defence; compulsory social security","Государственное управление и оборона, обязательное социальное страхование",2016,250606.8,100.4
"O","Պետական կառավարում և պաշտպանություն. պարտադիր սոցիալական ապահովագրություն","Public administration and defence; compulsory social security","Государственное управление и оборона, обязательное социальное страхование",2017,262762.5,103
"O","Պետական կառավարում և պաշտպանություն. պարտադիր սոցիալական ապահովագրություն","Public administration and defence; compulsory social security","Государственное управление и оборона, обязательное социальное страхование",2018,265194,95.7
"O","Պետական կառավարում և պաշտպանություն. պարտադիր սոցիալական ապահովագրություն","Public administration and defence; compulsory social security","Государственное управление и оборона, обязательное социальное страхование",2019,294714,106.5
"O","Պետական կառավարում և պաշտպանություն. պարտադիր սոցիալական ապահովագրություն","Public administration and defence; compulsory social security","Государственное управление и оборона, обязательное социальное страхование",2020,346828.3,116.3
"O","Պետական կառավարում և պաշտպանություն. պարտադիր սոցիալական ապահովագրություն","Public administration and defence; compulsory social security","Государственное управление и оборона, обязательное социальное страхование",2021,356835,92.4
"O","Պետական կառավարում և պաշտպանություն. պարտադիր սոցիալական ապահովագրություն","Public administration and defence; compulsory social security","Государственное управление и оборона, обязательное социальное страхование",2022,372452.8,98.4
"O","Պետական կառավարում և պաշտպանություն. պարտադիր սոցիալական ապահովագրություն","Public administration and defence; compulsory social security","Государственное управление и оборона, обязательное социальное страхование",2023,507150.6,127.8
"P","Կրթություն","Education","Образование",2012,125834.7,NA
"P","Կրթություն","Education","Образование",2013,129879.6,98.7
"P","Կրթություն","Education","Образование",2014,136840.9,98.2
"P","Կրթություն","Education","Образование",2015,148447.6,101.2
"P","Կրթություն","Education","Образование",2016,153592.5,100.6
"P","Կրթություն","Education","Образование",2017,151117.90000000002,97.3
"P","Կրթություն","Education","Образование",2018,155342.09999999998,101.9
"P","Կրթություն","Education","Образование",2019,164239.9,107.5
"P","Կրթություն","Education","Образование",2020,173964.9,102
"P","Կրթություն","Education","Образование",2021,190012.09999999998,107.7
"P","Կրթություն","Education","Образование",2022,208599.8,107.8
"P","Կրթություն","Education","Образование",2023,239262.10000000003,108.8
"Q","Առողջապահություն և բնակչության սոցիալական սպասարկում","Human health and social work activities","Здравоохранение и социальное обслуживание населения",2012,149036.4,NA
"Q","Առողջապահություն և բնակչության սոցիալական սպասարկում","Human health and social work activities","Здравоохранение и социальное обслуживание населения",2013,174765.7,103.6
"Q","Առողջապահություն և բնակչության սոցիալական սպասարկում","Human health and social work activities","Здравоохранение и социальное обслуживание населения",2014,185899.9,102
"Q","Առողջապահություն և բնակչության սոցիալական սպասարկում","Human health and social work activities","Здравоохранение и социальное обслуживание населения",2015,198219.1,99.9
"Q","Առողջապահություն և բնակչության սոցիալական սպասարկում","Human health and social work activities","Здравоохранение и социальное обслуживание населения",2016,206539.9,99.4
"Q","Առողջապահություն և բնակչության սոցիալական սպասարկում","Human health and social work activities","Здравоохранение и социальное обслуживание населения",2017,231319.10000000003,111.5
"Q","Առողջապահություն և բնակչության սոցիալական սպասարկում","Human health and social work activities","Здравоохранение и социальное обслуживание населения",2018,260804.19999999998,106.9
"Q","Առողջապահություն և բնակչության սոցիալական սպասարկում","Human health and social work activities","Здравоохранение и социальное обслуживание населения",2019,301323.6,108.1
"Q","Առողջապահություն և բնակչության սոցիալական սպասարկում","Human health and social work activities","Здравоохранение и социальное обслуживание населения",2020,333839.5,105.1
"Q","Առողջապահություն և բնակչության սոցիալական սպասարկում","Human health and social work activities","Здравоохранение и социальное обслуживание населения",2021,474050.50000000006,139.2
"Q","Առողջապահություն և բնակչության սոցիալական սպասարկում","Human health and social work activities","Здравоохранение и социальное обслуживание населения",2022,468674.4,97.8
"Q","Առողջապահություն և բնակչության սոցիալական սպասարկում","Human health and social work activities","Здравоохранение и социальное обслуживание населения",2023,524798.9,104.4
"R","Մշակույթ, զվարճություններ և հանգիստ","Arts, entertainment and recreation","Искусство, развлечения и отдых",2012,55469.7,NA
"R","Մշակույթ, զվարճություններ և հանգիստ","Arts, entertainment and recreation","Искусство, развлечения и отдых",2013,61190,108.6
"R","Մշակույթ, զվարճություններ և հանգիստ","Arts, entertainment and recreation","Искусство, развлечения и отдых",2014,89031.6,140.8
"R","Մշակույթ, զվարճություններ և հանգիստ","Arts, entertainment and recreation","Искусство, развлечения и отдых",2015,163269.2,171.8
"R","Մշակույթ, զվարճություններ և հանգիստ","Arts, entertainment and recreation","Искусство, развлечения и отдых",2016,232760.5,127.9
"R","Մշակույթ, զվարճություններ և հանգիստ","Arts, entertainment and recreation","Искусство, развлечения и отдых",2017,256257,112
"R","Մշակույթ, զվարճություններ և հանգիստ","Arts, entertainment and recreation","Искусство, развлечения и отдых",2018,335684.30000000005,130.1
"R","Մշակույթ, զվարճություններ և հանգիստ","Arts, entertainment and recreation","Искусство, развлечения и отдых",2019,363339.6,105.7
"R","Մշակույթ, զվարճություններ և հանգիստ","Arts, entertainment and recreation","Искусство, развлечения и отдых",2020,304970.30000000005,80.3
"R","Մշակույթ, զվարճություններ և հանգիստ","Arts, entertainment and recreation","Искусство, развлечения и отдых",2021,217430.89999999997,68.2
"R","Մշակույթ, զվարճություններ և հանգիստ","Arts, entertainment and recreation","Искусство, развлечения и отдых",2022,236157.3,108
"R","Մշակույթ, զվարճություններ և հանգիստ","Arts, entertainment and recreation","Искусство, развлечения и отдых",2023,272670.5,116.3
"S","Սպասարկման այլ ծառայություններ","Other service activities","Другие услуги в сфере обслуживания",2012,28575.1,NA
"S","Սպասարկման այլ ծառայություններ","Other service activities","Другие услуги в сфере обслуживания",2013,29288,98
"S","Սպասարկման այլ ծառայություններ","Other service activities","Другие услуги в сфере обслуживания",2014,29584,98.9
"S","Սպասարկման այլ ծառայություններ","Other service activities","Другие услуги в сфере обслуживания",2015,31872.3,107.6
"S","Սպասարկման այլ ծառայություններ","Other service activities","Другие услуги в сфере обслуживания",2016,36358.2,106.6
"S","Սպասարկման այլ ծառայություններ","Other service activities","Другие услуги в сфере обслуживания",2017,52179.70000000001,142
"S","Սպասարկման այլ ծառայություններ","Other service activities","Другие услуги в сфере обслуживания",2018,56393.8,106.9
"S","Սպասարկման այլ ծառայություններ","Other service activities","Другие услуги в сфере обслуживания",2019,46274.2,80.8
"S","Սպասարկման այլ ծառայություններ","Other service activities","Другие услуги в сфере обслуживания",2020,43200.50000000001,93.5
"S","Սպասարկման այլ ծառայություններ","Other service activities","Другие услуги в сфере обслуживания",2021,46134.799999999996,106.1
"S","Սպասարկման այլ ծառայություններ","Other service activities","Другие услуги в сфере обслуживания",2022,50503.1,104.1
"S","Սպասարկման այլ ծառայություններ","Other service activities","Другие услуги в сфере обслуживания",2023,58775.8,108.5
"T","Տնային տնտեսությունների գործունեություն որպես գործատու.տնային տնտեսություններում չտարբերակված ապրանքների և ծառայությունների արտադրություն սեփական սպառման համար","Activities of private households as employers and undifferentiated production and services activities of private households for own consumption","Деятельность домашних хозяйств с наемными работниками, производство домашними хозяйствами разнообразных товаров и услуг для собственного потребления",2012,1634.6,NA
"T","Տնային տնտեսությունների գործունեություն որպես գործատու.տնային տնտեսություններում չտարբերակված ապրանքների և ծառայությունների արտադրություն սեփական սպառման համար","Activities of private households as employers and undifferentiated production and services activities of private households for own consumption","Деятельность домашних хозяйств с наемными работниками, производство домашними хозяйствами разнообразных товаров и услуг для собственного потребления",2013,2988.1,172.8
"T","Տնային տնտեսությունների գործունեություն որպես գործատու.տնային տնտեսություններում չտարբերակված ապրանքների և ծառայությունների արտադրություն սեփական սպառման համար","Activities of private households as employers and undifferentiated production and services activities of private households for own consumption","Деятельность домашних хозяйств с наемными работниками, производство домашними хозяйствами разнообразных товаров и услуг для собственного потребления",2014,2827.1,91.9
"T","Տնային տնտեսությունների գործունեություն որպես գործատու.տնային տնտեսություններում չտարբերակված ապրանքների և ծառայությունների արտադրություն սեփական սպառման համար","Activities of private households as employers and undifferentiated production and services activities of private households for own consumption","Деятельность домашних хозяйств с наемными работниками, производство домашними хозяйствами разнообразных товаров и услуг для собственного потребления",2015,2922.8,99.7
"T","Տնային տնտեսությունների գործունեություն որպես գործատու.տնային տնտեսություններում չտարբերակված ապրանքների և ծառայությունների արտադրություն սեփական սպառման համար","Activities of private households as employers and undifferentiated production and services activities of private households for own consumption","Деятельность домашних хозяйств с наемными работниками, производство домашними хозяйствами разнообразных товаров и услуг для собственного потребления",2016,2870.1,99.6
"T","Տնային տնտեսությունների գործունեություն որպես գործատու.տնային տնտեսություններում չտարբերակված ապրանքների և ծառայությունների արտադրություն սեփական սպառման համար","Activities of private households as employers and undifferentiated production and services activities of private households for own consumption","Деятельность домашних хозяйств с наемными работниками, производство домашними хозяйствами разнообразных товаров и услуг для собственного потребления",2017,2886.3999999999996,99.6
"T","Տնային տնտեսությունների գործունեություն որպես գործատու.տնային տնտեսություններում չտարբերակված ապրանքների և ծառայությունների արտադրություն սեփական սպառման համար","Activities of private households as employers and undifferentiated production and services activities of private households for own consumption","Деятельность домашних хозяйств с наемными работниками, производство домашними хозяйствами разнообразных товаров и услуг для собственного потребления",2018,2948.2,99.6
"T","Տնային տնտեսությունների գործունեություն որպես գործատու.տնային տնտեսություններում չտարբերակված ապրանքների և ծառայությունների արտադրություն սեփական սպառման համար","Activities of private households as employers and undifferentiated production and services activities of private households for own consumption","Деятельность домашних хозяйств с наемными работниками, производство домашними хозяйствами разнообразных товаров и услуг для собственного потребления",2019,2983.5,99.8
"T","Տնային տնտեսությունների գործունեություն որպես գործատու.տնային տնտեսություններում չտարբերակված ապրանքների և ծառայությունների արտադրություն սեփական սպառման համար","Activities of private households as employers and undifferentiated production and services activities of private households for own consumption","Деятельность домашних хозяйств с наемными работниками, производство домашними хозяйствами разнообразных товаров и услуг для собственного потребления",2020,2744.5,90.9
"T","Տնային տնտեսությունների գործունեություն որպես գործատու.տնային տնտեսություններում չտարբերակված ապրանքների և ծառայությունների արտադրություն սեփական սպառման համար","Activities of private households as employers and undifferentiated production and services activities of private households for own consumption","Деятельность домашних хозяйств с наемными работниками, производство домашними хозяйствами разнообразных товаров и услуг для собственного потребления",2021,2779.2,94.5
"T","Տնային տնտեսությունների գործունեություն որպես գործատու.տնային տնտեսություններում չտարբերակված ապրանքների և ծառայությունների արտադրություն սեփական սպառման համար","Activities of private households as employers and undifferentiated production and services activities of private households for own consumption","Деятельность домашних хозяйств с наемными работниками, производство домашними хозяйствами разнообразных товаров и услуг для собственного потребления",2022,3021,100
"T","Տնային տնտեսությունների գործունեություն որպես գործատու.տնային տնտեսություններում չտարբերակված ապրանքների և ծառայությունների արտադրություն սեփական սպառման համար","Activities of private households as employers and undifferentiated production and services activities of private households for own consumption","Деятельность домашних хозяйств с наемными работниками, производство домашними хозяйствами разнообразных товаров и услуг для собственного потребления",2023,3136.5,101.8
