"date","type_arm","type_eng","arm_marz","eng_marz","rus_marz","wages","employees"
"2018-03-31","Ընդամենը","Total","Ընդամենը","Total","Всего",166927,522103
"2018-06-30","Ընդամենը","Total","Ընդամենը","Total","Всего",167974,547308
"2018-09-30","Ընդամենը","Total","Ընդամենը","Total","Всего",171155,572852
"2018-12-31","Ընդամենը","Total","Ընդամենը","Total","Всего",183900,584447
"2019-03-31","Ընդամենը","Total","Ընդամենը","Total","Всего",174064,566453
"2019-06-30","Ընդամենը","Total","Ընդամենը","Total","Всего",179354,595495
"2019-09-30","Ընդամենը","Total","Ընդամենը","Total","Всего",182189,606619
"2019-12-31","Ընդամենը","Total","Ընդամենը","Total","Всего",194117,624382
"2020-03-31","Ընդամենը","Total","Ընդամենը","Total","Всего",190109,611402
"2020-06-30","Ընդամենը","Total","Ընդամենը","Total","Всего",182615,608797
"2020-09-30","Ընդամենը","Total","Ընդամենը","Total","Всего",187983,639131
"2020-12-31","Ընդամենը","Total","Ընդամենը","Total","Всего",197871,636560
"2021-03-31","Ընդամենը","Total","Ընդամենը","Total","Всего",194085,622839
"2021-06-30","Ընդամենը","Total","Ընդամենը","Total","Всего",198706,647448
"2021-09-30","Ընդամենը","Total","Ընդամենը","Total","Всего",203230,657869
"2021-12-31","Ընդամենը","Total","Ընդամենը","Total","Всего",219268,670246
"2022-03-31","Ընդամենը","Total","Ընդամենը","Total","Всего",212767,658804
"2022-06-30","Ընդամենը","Total","Ընդամենը","Total","Всего",224291,685006
"2022-09-30","Ընդամենը","Total","Ընդամենը","Total","Всего",238690,688877
"2022-12-31","Ընդամենը","Total","Ընդամենը","Total","Всего",264751,706445
"2023-03-31","Ընդամենը","Total","Ընդամենը","Total","Всего",261495,699239
"2023-06-30","Ընդամենը","Total","Ընդամենը","Total","Всего",261261,721451
"2023-09-30","Ընդամենը","Total","Ընդամենը","Total","Всего",265544,728431
"2023-12-31","Ընդամենը","Total","Ընդամենը","Total","Всего",290877,741572
"2024-03-31","Ընդամենը","Total","Ընդամենը","Total","Всего",282879,735921
"2024-06-30","Ընդամենը","Total","Ընդամենը","Total","Всего",275269,756035
"2018-03-31","Ընդամենը","Total","Երևան","Yerevan city","г. Ереван",188884,335792
"2018-06-30","Ընդամենը","Total","Երևան","Yerevan city","г. Ереван",188593,353506
"2018-09-30","Ընդամենը","Total","Երևան","Yerevan city","г. Ереван",193130,371164
"2018-12-31","Ընդամենը","Total","Երևան","Yerevan city","г. Ереван",207216,381322
"2019-03-31","Ընդամենը","Total","Երևան","Yerevan city","г. Ереван",193207,370617
"2019-06-30","Ընդամենը","Total","Երևան","Yerevan city","г. Ереван",197943,391494
"2019-09-30","Ընդամենը","Total","Երևան","Yerevan city","г. Ереван",200881,399628
"2019-12-31","Ընդամենը","Total","Երևան","Yerevan city","г. Ереван",212948,415495
"2020-03-31","Ընդամենը","Total","Երևան","Yerevan city","г. Ереван",209610,409616
"2020-06-30","Ընդամենը","Total","Երևան","Yerevan city","г. Ереван",198574,405238
"2020-09-30","Ընդամենը","Total","Երևան","Yerevan city","г. Ереван",206019,427473
"2020-12-31","Ընդամենը","Total","Երևան","Yerevan city","г. Ереван",217517,428747
"2021-03-31","Ընդամենը","Total","Երևան","Yerevan city","г. Ереван",215076,419394
"2021-06-30","Ընդամենը","Total","Երևան","Yerevan city","г. Ереван",217024,438215
"2021-09-30","Ընդամենը","Total","Երևան","Yerevan city","г. Ереван",224411,445792
"2021-12-31","Ընդամենը","Total","Երևան","Yerevan city","г. Ереван",241582,457966
"2022-03-31","Ընդամենը","Total","Երևան","Yerevan city","г. Ереван",238819,449540
"2022-06-30","Ընդամենը","Total","Երևան","Yerevan city","г. Ереван",249810,470462
"2022-09-30","Ընդամենը","Total","Երևան","Yerevan city","г. Ереван",271443,474479
"2022-12-31","Ընդամենը","Total","Երևան","Yerevan city","г. Ереван",301800,490580
"2023-03-31","Ընդամենը","Total","Երևան","Yerevan city","г. Ереван",300560,486670
"2023-06-30","Ընդամենը","Total","Երևան","Yerevan city","г. Ереван",293342,504562
"2023-09-30","Ընդամենը","Total","Երևան","Yerevan city","г. Ереван",301610,510005
"2023-12-31","Ընդամենը","Total","Երևան","Yerevan city","г. Ереван",329607,521318
"2024-03-31","Ընդամենը","Total","Երևան","Yerevan city","г. Ереван",324233,518464
"2024-06-30","Ընդամենը","Total","Երևան","Yerevan city","г. Ереван",309877,532350
"2018-03-31","Ընդամենը","Total","Արագածոտն","Aragatsotn","Арагацотн",104323,10881
"2018-06-30","Ընդամենը","Total","Արագածոտն","Aragatsotn","Арагацотн",103730,11563
"2018-09-30","Ընդամենը","Total","Արագածոտն","Aragatsotn","Арагацотн",106092,11973
"2018-12-31","Ընդամենը","Total","Արագածոտն","Aragatsotn","Арагацотн",107954,11846
"2019-03-31","Ընդամենը","Total","Արագածոտն","Aragatsotn","Арагацотн",110529,11186
"2019-06-30","Ընդամենը","Total","Արագածոտն","Aragatsotn","Арагацотн",109975,12081
"2019-09-30","Ընդամենը","Total","Արագածոտն","Aragatsotn","Арагацотн",113474,12207
"2019-12-31","Ընդամենը","Total","Արագածոտն","Aragatsotn","Арагацотн",119932,12117
"2020-03-31","Ընդամենը","Total","Արագածոտն","Aragatsotn","Арагацотн",116662,11368
"2020-06-30","Ընդամենը","Total","Արագածոտն","Aragatsotn","Арагацотн",115658,11829
"2020-09-30","Ընդամենը","Total","Արագածոտն","Aragatsotn","Арагацотн",118973,12162
"2020-12-31","Ընդամենը","Total","Արագածոտն","Aragatsotn","Арагацотн",126372,11995
"2021-03-31","Ընդամենը","Total","Արագածոտն","Aragatsotn","Арагацотн",118166,11661
"2021-06-30","Ընդամենը","Total","Արագածոտն","Aragatsotn","Арагацотн",122991,12249
"2021-09-30","Ընդամենը","Total","Արագածոտն","Aragatsotn","Арагацотн",124277,12488
"2021-12-31","Ընդամենը","Total","Արագածոտն","Aragatsotn","Арагацотн",137119,12333
"2022-03-31","Ընդամենը","Total","Արագածոտն","Aragatsotn","Арагацотн",124322,11966
"2022-06-30","Ընդամենը","Total","Արագածոտն","Aragatsotn","Арагацотн",129307,12423
"2022-09-30","Ընդամենը","Total","Արագածոտն","Aragatsotn","Арагацотн",132911,12291
"2022-12-31","Ընդամենը","Total","Արագածոտն","Aragatsotn","Арагацотн",141398,12324
"2023-03-31","Ընդամենը","Total","Արագածոտն","Aragatsotn","Арагацотн",137561,11663
"2023-06-30","Ընդամենը","Total","Արագածոտն","Aragatsotn","Арагацотн",140535,12078
"2023-09-30","Ընդամենը","Total","Արագածոտն","Aragatsotn","Арагацотн",146141,12336
"2023-12-31","Ընդամենը","Total","Արագածոտն","Aragatsotn","Арагацотн",167702,12470
"2024-03-31","Ընդամենը","Total","Արագածոտն","Aragatsotn","Арагацотн",156589,12147
"2024-06-30","Ընդամենը","Total","Արագածոտն","Aragatsotn","Арагацотн",155176,12367
"2018-03-31","Ընդամենը","Total","Արարատ","Ararat","Арарат",118163,22200
"2018-06-30","Ընդամենը","Total","Արարատ","Ararat","Арарат",120553,23442
"2018-09-30","Ընդամենը","Total","Արարատ","Ararat","Арарат",128128,24710
"2018-12-31","Ընդամենը","Total","Արարատ","Ararat","Арарат",130694,25238
"2019-03-31","Ընդամենը","Total","Արարատ","Ararat","Арарат",157228,25266
"2019-06-30","Ընդամենը","Total","Արարատ","Ararat","Арарат",170059,26288
"2019-09-30","Ընդամենը","Total","Արարատ","Ararat","Арарат",168916,27218
"2019-12-31","Ընդամենը","Total","Արարատ","Ararat","Арарат",175153,27394
"2020-03-31","Ընդամենը","Total","Արարատ","Ararat","Арарат",171310,26007
"2020-06-30","Ընդամենը","Total","Արարատ","Ararat","Арарат",182106,26339
"2020-09-30","Ընդամենը","Total","Արարատ","Ararat","Арарат",176895,27657
"2020-12-31","Ընդամենը","Total","Արարատ","Ararat","Арарат",172567,27228
"2021-03-31","Ընդամենը","Total","Արարատ","Ararat","Арарат",166348,26701
"2021-06-30","Ընդամենը","Total","Արարատ","Ararat","Арарат",183309,27071
"2021-09-30","Ընդամենը","Total","Արարատ","Ararat","Арарат",179872,27554
"2021-12-31","Ընդամենը","Total","Արարատ","Ararat","Арарат",191204,27982
"2022-03-31","Ընդամենը","Total","Արարատ","Ararat","Арарат",180577,27361
"2022-06-30","Ընդամենը","Total","Արարատ","Ararat","Арарат",189695,27929
"2022-09-30","Ընդամենը","Total","Արարատ","Ararat","Арарат",196975,28299
"2022-12-31","Ընդամենը","Total","Արարատ","Ararat","Арарат",207485,28613
"2023-03-31","Ընդամենը","Total","Արարատ","Ararat","Арарат",198541,27393
"2023-06-30","Ընդամենը","Total","Արարատ","Ararat","Арарат",204533,27371
"2023-09-30","Ընդամենը","Total","Արարատ","Ararat","Арарат",198361,27650
"2023-12-31","Ընդամենը","Total","Արարատ","Ararat","Арарат",208910,27285
"2024-03-31","Ընդամենը","Total","Արարատ","Ararat","Арарат",200997,26807
"2024-06-30","Ընդամենը","Total","Արարատ","Ararat","Арарат",206424,27325
"2018-03-31","Ընդամենը","Total","Արմավիր","Armavir","Армавир",125511,22787
"2018-06-30","Ընդամենը","Total","Արմավիր","Armavir","Армавир",128340,24272
"2018-09-30","Ընդամենը","Total","Արմավիր","Armavir","Армавир",125804,24606
"2018-12-31","Ընդամենը","Total","Արմավիր","Armavir","Армавир",136065,24676
"2019-03-31","Ընդամենը","Total","Արմավիր","Armavir","Армавир",128932,22853
"2019-06-30","Ընդամենը","Total","Արմավիր","Armavir","Армавир",131208,23893
"2019-09-30","Ընդամենը","Total","Արմավիր","Armavir","Армавир",133198,24026
"2019-12-31","Ընդամենը","Total","Արմավիր","Armavir","Армавир",146636,24087
"2020-03-31","Ընդամենը","Total","Արմավիր","Armavir","Армавир",139350,23292
"2020-06-30","Ընդամենը","Total","Արմավիր","Armavir","Армавир",133326,23883
"2020-09-30","Ընդամենը","Total","Արմավիր","Armavir","Армавир",137448,24775
"2020-12-31","Ընդամենը","Total","Արմավիր","Armavir","Армавир",142556,24131
"2021-03-31","Ընդամենը","Total","Արմավիր","Armavir","Армавир",137124,23516
"2021-06-30","Ընդամենը","Total","Արմավիր","Armavir","Армавир",135357,24669
"2021-09-30","Ընդամենը","Total","Արմավիր","Armavir","Армавир",140609,24984
"2021-12-31","Ընդամենը","Total","Արմավիր","Armavir","Армавир",151458,24737
"2022-03-31","Ընդամենը","Total","Արմավիր","Armavir","Армавир",140507,24558
"2022-06-30","Ընդամենը","Total","Արմավիր","Armavir","Армавир",146729,25335
"2022-09-30","Ընդամենը","Total","Արմավիր","Armavir","Армавир",148252,24890
"2022-12-31","Ընդամենը","Total","Արմավիր","Armavir","Армавир",158486,25096
"2023-03-31","Ընդամենը","Total","Արմավիր","Armavir","Армавир",156817,24860
"2023-06-30","Ընդամենը","Total","Արմավիր","Armavir","Армавир",165157,25507
"2023-09-30","Ընդամենը","Total","Արմավիր","Armavir","Армавир",171613,25745
"2023-12-31","Ընդամենը","Total","Արմավիր","Armavir","Армавир",182063,26085
"2024-03-31","Ընդամենը","Total","Արմավիր","Armavir","Армавир",168715,26147
"2024-06-30","Ընդամենը","Total","Արմավիր","Armavir","Армавир",176905,26936
"2018-03-31","Ընդամենը","Total","Գեղարքունիք","Gegharkunik","Гегаркуник",108588,14412
"2018-06-30","Ընդամենը","Total","Գեղարքունիք","Gegharkunik","Гегаркуник",107001,15052
"2018-09-30","Ընդամենը","Total","Գեղարքունիք","Gegharkunik","Гегаркуник",108293,15957
"2018-12-31","Ընդամենը","Total","Գեղարքունիք","Gegharkunik","Гегаркуник",112507,15823
"2019-03-31","Ընդամենը","Total","Գեղարքունիք","Gegharkunik","Гегаркуник",110984,15314
"2019-06-30","Ընդամենը","Total","Գեղարքունիք","Gegharkunik","Гегаркуник",111312,15895
"2019-09-30","Ընդամենը","Total","Գեղարքունիք","Gegharkunik","Гегаркуник",114544,16160
"2019-12-31","Ընդամենը","Total","Գեղարքունիք","Gegharkunik","Гегаркуник",120846,16148
"2020-03-31","Ընդամենը","Total","Գեղարքունիք","Gegharkunik","Гегаркуник",122007,15619
"2020-06-30","Ընդամենը","Total","Գեղարքունիք","Gegharkunik","Гегаркуник",117600,15840
"2020-09-30","Ընդամենը","Total","Գեղարքունիք","Gegharkunik","Гегаркуник",121464,16342
"2020-12-31","Ընդամենը","Total","Գեղարքունիք","Gegharkunik","Гегаркуник",126594,16223
"2021-03-31","Ընդամենը","Total","Գեղարքունիք","Gegharkunik","Гегаркуник",121654,15814
"2021-06-30","Ընդամենը","Total","Գեղարքունիք","Gegharkunik","Гегаркуник",121809,16172
"2021-09-30","Ընդամենը","Total","Գեղարքունիք","Gegharkunik","Гегаркуник",124099,16749
"2021-12-31","Ընդամենը","Total","Գեղարքունիք","Gegharkunik","Гегаркуник",132739,16874
"2022-03-31","Ընդամենը","Total","Գեղարքունիք","Gegharkunik","Гегаркуник",124227,16321
"2022-06-30","Ընդամենը","Total","Գեղարքունիք","Gegharkunik","Гегаркуник",125142,16605
"2022-09-30","Ընդամենը","Total","Գեղարքունիք","Gegharkunik","Гегаркуник",128663,16566
"2022-12-31","Ընդամենը","Total","Գեղարքունիք","Gegharkunik","Гегаркуник",133657,16733
"2023-03-31","Ընդամենը","Total","Գեղարքունիք","Gegharkunik","Гегаркуник",132647,16591
"2023-06-30","Ընդամենը","Total","Գեղարքունիք","Gegharkunik","Гегаркуник",133386,16900
"2023-09-30","Ընդամենը","Total","Գեղարքունիք","Gegharkunik","Гегаркуник",137430,17049
"2023-12-31","Ընդամենը","Total","Գեղարքունիք","Gegharkunik","Гегаркуник",150653,17249
"2024-03-31","Ընդամենը","Total","Գեղարքունիք","Gegharkunik","Гегаркуник",141040,17164
"2024-06-30","Ընդամենը","Total","Գեղարքունիք","Gegharkunik","Гегаркуник",141849,17695
"2018-03-31","Ընդամենը","Total","Լոռի","Lori","Лори",118884,24713
"2018-06-30","Ընդամենը","Total","Լոռի","Lori","Лори",110818,24375
"2018-09-30","Ընդամենը","Total","Լոռի","Lori","Лори",110855,25434
"2018-12-31","Ընդամենը","Total","Լոռի","Lori","Лори",115907,25811
"2019-03-31","Ընդամենը","Total","Լոռի","Lori","Лори",111903,25084
"2019-06-30","Ընդամենը","Total","Լոռի","Lori","Лори",115811,26408
"2019-09-30","Ընդամենը","Total","Լոռի","Lori","Лори",134435,26701
"2019-12-31","Ընդամենը","Total","Լոռի","Lori","Лори",134124,26854
"2020-03-31","Ընդամենը","Total","Լոռի","Lori","Лори",128821,25451
"2020-06-30","Ընդամենը","Total","Լոռի","Lori","Лори",122077,25922
"2020-09-30","Ընդամենը","Total","Լոռի","Lori","Лори",129749,26902
"2020-12-31","Ընդամենը","Total","Լոռի","Lori","Лори",138371,26514
"2021-03-31","Ընդամենը","Total","Լոռի","Lori","Лори",133344,26275
"2021-06-30","Ընդամենը","Total","Լոռի","Lori","Лори",136561,26706
"2021-09-30","Ընդամենը","Total","Լոռի","Lori","Лори",138602,27066
"2021-12-31","Ընդամենը","Total","Լոռի","Lori","Лори",150495,27228
"2022-03-31","Ընդամենը","Total","Լոռի","Lori","Лори",136011,26526
"2022-06-30","Ընդամենը","Total","Լոռի","Lori","Лори",134507,27051
"2022-09-30","Ընդամենը","Total","Լոռի","Lori","Лори",138888,26980
"2022-12-31","Ընդամենը","Total","Լոռի","Lori","Лори",140372,27120
"2023-03-31","Ընդամենը","Total","Լոռի","Lori","Лори",142470,27200
"2023-06-30","Ընդամենը","Total","Լոռի","Lori","Лори",145933,27572
"2023-09-30","Ընդամենը","Total","Լոռի","Lori","Лори",153574,27852
"2023-12-31","Ընդամենը","Total","Լոռի","Lori","Лори",164651,28316
"2024-03-31","Ընդամենը","Total","Լոռի","Lori","Лори",159218,28162
"2024-06-30","Ընդամենը","Total","Լոռի","Lori","Лори",158237,28524
"2018-03-31","Ընդամենը","Total","Կոտայք","Kotayk","Котайк",131135,31975
"2018-06-30","Ընդամենը","Total","Կոտայք","Kotayk","Котайк",127095,33392
"2018-09-30","Ընդամենը","Total","Կոտայք","Kotayk","Котайк",131562,35644
"2018-12-31","Ընդամենը","Total","Կոտայք","Kotayk","Котайк",140401,35301
"2019-03-31","Ընդամենը","Total","Կոտայք","Kotayk","Котайк",132389,34350
"2019-06-30","Ընդամենը","Total","Կոտայք","Kotayk","Котайк",134260,35536
"2019-09-30","Ընդամենը","Total","Կոտայք","Kotayk","Котайк",135225,36179
"2019-12-31","Ընդամենը","Total","Կոտայք","Kotayk","Котайк",147271,36536
"2020-03-31","Ընդամենը","Total","Կոտայք","Kotayk","Котайк",142433,35512
"2020-06-30","Ընդամենը","Total","Կոտայք","Kotayk","Котайк",138968,35170
"2020-09-30","Ընդամենը","Total","Կոտայք","Kotayk","Котайк",143155,36822
"2020-12-31","Ընդամենը","Total","Կոտայք","Kotayk","Котайк",159703,35732
"2021-03-31","Ընդամենը","Total","Կոտայք","Kotayk","Котайк",145158,34517
"2021-06-30","Ընդամենը","Total","Կոտայք","Kotayk","Котайк",149983,35788
"2021-09-30","Ընդամենը","Total","Կոտայք","Kotayk","Котайк",153093,36327
"2021-12-31","Ընդամենը","Total","Կոտայք","Kotayk","Котайк",167590,36045
"2022-03-31","Ընդամենը","Total","Կոտայք","Kotayk","Котайк",153014,36381
"2022-06-30","Ընդամենը","Total","Կոտայք","Kotayk","Котайк",158825,37103
"2022-09-30","Ընդամենը","Total","Կոտայք","Kotayk","Котайк",164058,37469
"2022-12-31","Ընդամենը","Total","Կոտայք","Kotayk","Котайк",178218,37728
"2023-03-31","Ընդամենը","Total","Կոտայք","Kotayk","Котайк",169871,37377
"2023-06-30","Ընդամենը","Total","Կոտայք","Kotayk","Котайк",174184,38338
"2023-09-30","Ընդամենը","Total","Կոտայք","Kotayk","Котайк",179328,38456
"2023-12-31","Ընդամենը","Total","Կոտայք","Kotayk","Котайк",197346,38995
"2024-03-31","Ընդամենը","Total","Կոտայք","Kotayk","Котайк",185618,38742
"2024-06-30","Ընդամենը","Total","Կոտայք","Kotayk","Котайк",187377,40505
"2018-03-31","Ընդամենը","Total","Շիրակ","Shirak","Ширак",104962,21870
"2018-06-30","Ընդամենը","Total","Շիրակ","Shirak","Ширак",106082,22536
"2018-09-30","Ընդամենը","Total","Շիրակ","Shirak","Ширак",106319,23097
"2018-12-31","Ընդամենը","Total","Շիրակ","Shirak","Ширак",110836,23758
"2019-03-31","Ընդամենը","Total","Շիրակ","Shirak","Ширак",105595,22585
"2019-06-30","Ընդամենը","Total","Շիրակ","Shirak","Ширак",108162,23382
"2019-09-30","Ընդամենը","Total","Շիրակ","Shirak","Ширак",11219,23146
"2019-12-31","Ընդամենը","Total","Շիրակ","Shirak","Ширак",117278,23765
"2020-03-31","Ընդամենը","Total","Շիրակ","Shirak","Ширак",115396,23174
"2020-06-30","Ընդամենը","Total","Շիրակ","Shirak","Ширак",114309,23283
"2020-09-30","Ընդամենը","Total","Շիրակ","Shirak","Ширак",118591,24166
"2020-12-31","Ընդամենը","Total","Շիրակ","Shirak","Ширак",123091,23845
"2021-03-31","Ընդամենը","Total","Շիրակ","Shirak","Ширак",116256,23299
"2021-06-30","Ընդամենը","Total","Շիրակ","Shirak","Ширак",122937,23906
"2021-09-30","Ընդամենը","Total","Շիրակ","Shirak","Ширак",124159,23776
"2021-12-31","Ընդամենը","Total","Շիրակ","Shirak","Ширак",128755,23857
"2022-03-31","Ընդամենը","Total","Շիրակ","Shirak","Ширак",120909,23797
"2022-06-30","Ընդամենը","Total","Շիրակ","Shirak","Ширак",123279,24778
"2022-09-30","Ընդամենը","Total","Շիրակ","Shirak","Ширак",129402,24527
"2022-12-31","Ընդամենը","Total","Շիրակ","Shirak","Ширак",136737,24657
"2023-03-31","Ընդամենը","Total","Շիրակ","Shirak","Ширак",131495,24278
"2023-06-30","Ընդամենը","Total","Շիրակ","Shirak","Ширак",139023,25189
"2023-09-30","Ընդամենը","Total","Շիրակ","Shirak","Ширак",143448,25322
"2023-12-31","Ընդամենը","Total","Շիրակ","Shirak","Ширак",153295,25609
"2024-03-31","Ընդամենը","Total","Շիրակ","Shirak","Ширак",141238,24943
"2024-06-30","Ընդամենը","Total","Շիրակ","Shirak","Ширак",148926,25767
"2018-03-31","Ընդամենը","Total","Սյունիք","Syunik","Сюник",205894,20967
"2018-06-30","Ընդամենը","Total","Սյունիք","Syunik","Сюник",237152,21654
"2018-09-30","Ընդամենը","Total","Սյունիք","Syunik","Сюник",226752,22189
"2018-12-31","Ընդամենը","Total","Սյունիք","Syunik","Сюник",266506,22593
"2019-03-31","Ընդամենը","Total","Սյունիք","Syunik","Сюник",245072,21900
"2019-06-30","Ընդամենը","Total","Սյունիք","Syunik","Сюник",271251,22557
"2019-09-30","Ընդամենը","Total","Սյունիք","Syunik","Сюник",156143,22985
"2019-12-31","Ընդամենը","Total","Սյունիք","Syunik","Сюник",293454,23385
"2020-03-31","Ընդամենը","Total","Սյունիք","Syunik","Сюник",264447,23146
"2020-06-30","Ընդամենը","Total","Սյունիք","Syunik","Сюник",282591,23183
"2020-09-30","Ընդամենը","Total","Սյունիք","Syunik","Сюник",265104,23702
"2020-12-31","Ընդամենը","Total","Սյունիք","Syunik","Сюник",267112,23453
"2021-03-31","Ընդամենը","Total","Սյունիք","Syunik","Сюник",266286,23156
"2021-06-30","Ընդամենը","Total","Սյունիք","Syunik","Сюник",312099,23663
"2021-09-30","Ընդամենը","Total","Սյունիք","Syunik","Сюник",283719,23784
"2021-12-31","Ընդամենը","Total","Սյունիք","Syunik","Сюник",309768,23974
"2022-03-31","Ընդամենը","Total","Սյունիք","Syunik","Сюник",272296,23260
"2022-06-30","Ընդամենը","Total","Սյունիք","Syunik","Сюник",343063,23662
"2022-09-30","Ընդամենը","Total","Սյունիք","Syunik","Сюник",276580,23513
"2022-12-31","Ընդամենը","Total","Սյունիք","Syunik","Сюник",325334,23848
"2023-03-31","Ընդամենը","Total","Սյունիք","Syunik","Сюник",272527,23945
"2023-06-30","Ընդամենը","Total","Սյունիք","Syunik","Сюник",366044,24010
"2023-09-30","Ընդամենը","Total","Սյունիք","Syunik","Сюник",292386,23760
"2023-12-31","Ընդամենը","Total","Սյունիք","Syunik","Сюник",347642,24010
"2024-03-31","Ընդամենը","Total","Սյունիք","Syunik","Сюник",294704,23726
"2024-06-30","Ընդամենը","Total","Սյունիք","Syunik","Сюник",349924,24275
"2018-03-31","Ընդամենը","Total","Վայոց Ձոր","Vayots Dzor","Вайоц дзор",112407,5524
"2018-06-30","Ընդամենը","Total","Վայոց Ձոր","Vayots Dzor","Вайоц дзор",119450,6054
"2018-09-30","Ընդամենը","Total","Վայոց Ձոր","Vayots Dzor","Вайоц дзор",119695,6401
"2018-12-31","Ընդամենը","Total","Վայոց Ձոր","Vayots Dzor","Вайоц дзор",120883,6262
"2019-03-31","Ընդամենը","Total","Վայոց Ձոր","Vayots Dzor","Вайоц дзор",122376,5858
"2019-06-30","Ընդամենը","Total","Վայոց Ձոր","Vayots Dzor","Вайоц дзор",125110,6166
"2019-09-30","Ընդամենը","Total","Վայոց Ձոր","Vayots Dzor","Вайоц дзор",127518,6445
"2019-12-31","Ընդամենը","Total","Վայոց Ձոր","Vayots Dzor","Вайоц дзор",131555,6358
"2020-03-31","Ընդամենը","Total","Վայոց Ձոր","Vayots Dzor","Вайоц дзор",132278,6093
"2020-06-30","Ընդամենը","Total","Վայոց Ձոր","Vayots Dzor","Вайоц дзор",128354,5942
"2020-09-30","Ընդամենը","Total","Վայոց Ձոր","Vayots Dzor","Вайоц дзор",135772,6450
"2020-12-31","Ընդամենը","Total","Վայոց Ձոր","Vayots Dzor","Вайоц дзор",139659,6196
"2021-03-31","Ընդամենը","Total","Վայոց Ձոր","Vayots Dzor","Вайоц дзор",139846,5942
"2021-06-30","Ընդամենը","Total","Վայոց Ձոր","Vayots Dzor","Вайоц дзор",136711,6325
"2021-09-30","Ընդամենը","Total","Վայոց Ձոր","Vayots Dzor","Вайоц дзор",140708,6605
"2021-12-31","Ընդամենը","Total","Վայոց Ձոր","Vayots Dzor","Вайоц дзор",146460,6523
"2022-03-31","Ընդամենը","Total","Վայոց Ձոր","Vayots Dzor","Вайоц дзор",141338,6295
"2022-06-30","Ընդամենը","Total","Վայոց Ձոր","Vayots Dzor","Вайоц дзор",145302,6653
"2022-09-30","Ընդամենը","Total","Վայոց Ձոր","Vayots Dzor","Вайоц дзор",157414,6993
"2022-12-31","Ընդամենը","Total","Վայոց Ձոր","Vayots Dzor","Вайоц дзор",169828,6809
"2023-03-31","Ընդամենը","Total","Վայոց Ձոր","Vayots Dzor","Вайоц дзор",159952,6313
"2023-06-30","Ընդամենը","Total","Վայոց Ձոր","Vayots Dzor","Вайоц дзор",164200,6662
"2023-09-30","Ընդամենը","Total","Վայոց Ձոր","Vayots Dzor","Вайоц дзор",174365,6850
"2023-12-31","Ընդամենը","Total","Վայոց Ձոր","Vayots Dzor","Вайоц дзор",184603,6820
"2024-03-31","Ընդամենը","Total","Վայոց Ձոր","Vayots Dzor","Вайоц дзор",170935,6519
"2024-06-30","Ընդամենը","Total","Վայոց Ձոր","Vayots Dzor","Вайоц дзор",173904,6951
"2018-03-31","Ընդամենը","Total","Տավուշ","Tavush","Тавуш",113628,10982
"2018-06-30","Ընդամենը","Total","Տավուշ","Tavush","Тавуш",115949,11462
"2018-09-30","Ընդամենը","Total","Տավուշ","Tavush","Тавуш",114917,11676
"2018-12-31","Ընդամենը","Total","Տավուշ","Tavush","Тавуш",117571,11816
"2019-03-31","Ընդամենը","Total","Տավուշ","Tavush","Тавуш",114958,11440
"2019-06-30","Ընդամենը","Total","Տավուշ","Tavush","Тавуш",115230,11796
"2019-09-30","Ընդամենը","Total","Տավուշ","Tavush","Тавуш",119036,11925
"2019-12-31","Ընդամենը","Total","Տավուշ","Tavush","Тавуш",124228,12244
"2020-03-31","Ընդամենը","Total","Տավուշ","Tavush","Тавуш",123948,12123
"2020-06-30","Ընդամենը","Total","Տավուշ","Tavush","Тавуш",120528,12168
"2020-09-30","Ընդամենը","Total","Տավուշ","Tavush","Тавуш",123131,12679
"2020-12-31","Ընդամենը","Total","Տավուշ","Tavush","Тавуш",123934,12496
"2021-03-31","Ընդամենը","Total","Տավուշ","Tavush","Тавуш",118914,12563
"2021-06-30","Ընդամենը","Total","Տավուշ","Tavush","Тавуш",123594,12684
"2021-09-30","Ընդամենը","Total","Տավուշ","Tavush","Тавуш",126828,12743
"2021-12-31","Ընդամենը","Total","Տավուշ","Tavush","Тавуш",134149,12728
"2022-03-31","Ընդամենը","Total","Տավուշ","Tavush","Тавуш",127478,12799
"2022-06-30","Ընդամենը","Total","Տավուշ","Tavush","Тавуш",134136,13005
"2022-09-30","Ընդամենը","Total","Տավուշ","Tavush","Тавуш",150175,12871
"2022-12-31","Ընդամենը","Total","Տավուշ","Tavush","Тавуш",176994,12936
"2023-03-31","Ընդամենը","Total","Տավուշ","Tavush","Тавуш",191442,12950
"2023-06-30","Ընդամենը","Total","Տավուշ","Tavush","Тавуш",198282,13263
"2023-09-30","Ընդամենը","Total","Տավուշ","Tavush","Тавуш",194778,13406
"2023-12-31","Ընդամենը","Total","Տավուշ","Tavush","Тавуш",212254,13414
"2024-03-31","Ընդամենը","Total","Տավուշ","Tavush","Тавуш",202089,13100
"2024-06-30","Ընդամենը","Total","Տավուշ","Tavush","Тавуш",200285,13340
"2018-03-31","Պետական","Public","Ընդամենը","Total","Всего",NA,201769
"2018-06-30","Պետական","Public","Ընդամենը","Total","Всего",NA,204981
"2018-09-30","Պետական","Public","Ընդամենը","Total","Всего",NA,199933
"2018-12-31","Պետական","Public","Ընդամենը","Total","Всего",NA,205948
"2019-03-31","Պետական","Public","Ընդամենը","Total","Всего",NA,201536
"2019-06-30","Պետական","Public","Ընդամենը","Total","Всего",NA,199568
"2019-09-30","Պետական","Public","Ընդամենը","Total","Всего",NA,196573
"2019-12-31","Պետական","Public","Ընդամենը","Total","Всего",NA,203482
"2020-03-31","Պետական","Public","Ընդամենը","Total","Всего",NA,199752
"2020-06-30","Պետական","Public","Ընդամենը","Total","Всего",NA,200502
"2020-09-30","Պետական","Public","Ընդամենը","Total","Всего",NA,200742
"2020-12-31","Պետական","Public","Ընդամենը","Total","Всего",NA,203264
"2021-03-31","Պետական","Public","Ընդամենը","Total","Всего",NA,204899
"2021-06-30","Պետական","Public","Ընդամենը","Total","Всего",NA,207639
"2021-09-30","Պետական","Public","Ընդամենը","Total","Всего",NA,204789
"2021-12-31","Պետական","Public","Ընդամենը","Total","Всего",NA,210304
"2022-03-31","Պետական","Public","Ընդամենը","Total","Всего",NA,206276
"2022-06-30","Պետական","Public","Ընդամենը","Total","Всего",NA,208319
"2022-09-30","Պետական","Public","Ընդամենը","Total","Всего",NA,204790
"2022-12-31","Պետական","Public","Ընդամենը","Total","Всего",NA,210979
"2023-03-31","Պետական","Public","Ընդամենը","Total","Всего",NA,208337
"2023-06-30","Պետական","Public","Ընդամենը","Total","Всего",NA,208526
"2023-09-30","Պետական","Public","Ընդամենը","Total","Всего",NA,206428
"2023-12-31","Պետական","Public","Ընդամենը","Total","Всего",NA,213785
"2024-03-31","Պետական","Public","Ընդամենը","Total","Всего",NA,213935
"2024-06-30","Պետական","Public","Ընդամենը","Total","Всего",NA,214725
"2018-03-31","Պետական","Public","Երևան","Yerevan city","г. Ереван",NA,103990
"2018-06-30","Պետական","Public","Երևան","Yerevan city","г. Ереван",NA,105437
"2018-09-30","Պետական","Public","Երևան","Yerevan city","г. Ереван",NA,102467
"2018-12-31","Պետական","Public","Երևան","Yerevan city","г. Ереван",NA,105917
"2019-03-31","Պետական","Public","Երևան","Yerevan city","г. Ереван",NA,102999
"2019-06-30","Պետական","Public","Երևան","Yerevan city","г. Ереван",NA,101018
"2019-09-30","Պետական","Public","Երևան","Yerevan city","г. Ереван",NA,99271
"2019-12-31","Պետական","Public","Երևան","Yerevan city","г. Ереван",NA,103689
"2020-03-31","Պետական","Public","Երևան","Yerevan city","г. Ереван",NA,101596
"2020-06-30","Պետական","Public","Երևան","Yerevan city","г. Ереван",NA,102470
"2020-09-30","Պետական","Public","Երևան","Yerevan city","г. Ереван",NA,103225
"2020-12-31","Պետական","Public","Երևան","Yerevan city","г. Ереван",NA,104432
"2021-03-31","Պետական","Public","Երևան","Yerevan city","г. Ереван",NA,105158
"2021-06-30","Պետական","Public","Երևան","Yerevan city","г. Ереван",NA,107403
"2021-09-30","Պետական","Public","Երևան","Yerevan city","г. Ереван",NA,105303
"2021-12-31","Պետական","Public","Երևան","Yerevan city","г. Ереван",NA,108920
"2022-03-31","Պետական","Public","Երևան","Yerevan city","г. Ереван",NA,106310
"2022-06-30","Պետական","Public","Երևան","Yerevan city","г. Ереван",NA,107420
"2022-09-30","Պետական","Public","Երևան","Yerevan city","г. Ереван",NA,105314
"2022-12-31","Պետական","Public","Երևան","Yerevan city","г. Ереван",NA,109111
"2023-03-31","Պետական","Public","Երևան","Yerevan city","г. Ереван",NA,107324
"2023-06-30","Պետական","Public","Երևան","Yerevan city","г. Ереван",NA,108764
"2023-09-30","Պետական","Public","Երևան","Yerevan city","г. Ереван",NA,107445
"2023-12-31","Պետական","Public","Երևան","Yerevan city","г. Ереван",NA,110674
"2024-03-31","Պետական","Public","Երևան","Yerevan city","г. Ереван",NA,110805
"2024-06-30","Պետական","Public","Երևան","Yerevan city","г. Ереван",NA,111537
"2018-03-31","Պետական","Public","Արագածոտն","Aragatsotn","Арагацотн",NA,7287
"2018-06-30","Պետական","Public","Արագածոտն","Aragatsotn","Арагацотн",NA,7473
"2018-09-30","Պետական","Public","Արագածոտն","Aragatsotn","Арагацотн",NA,7285
"2018-12-31","Պետական","Public","Արագածոտն","Aragatsotn","Арагацотн",NA,7359
"2019-03-31","Պետական","Public","Արագածոտն","Aragatsotn","Арагацотн",NA,7232
"2019-06-30","Պետական","Public","Արագածոտն","Aragatsotn","Арагацотн",NA,7400
"2019-09-30","Պետական","Public","Արագածոտն","Aragatsotn","Арагацотн",NA,7334
"2019-12-31","Պետական","Public","Արագածոտն","Aragatsotn","Арагацотн",NA,7583
"2020-03-31","Պետական","Public","Արագածոտն","Aragatsotn","Арагацотн",NA,7325
"2020-06-30","Պետական","Public","Արագածոտն","Aragatsotn","Арагацотн",NA,7463
"2020-09-30","Պետական","Public","Արագածոտն","Aragatsotn","Арагацотн",NA,7353
"2020-12-31","Պետական","Public","Արագածոտն","Aragatsotn","Арагацотн",NA,7509
"2021-03-31","Պետական","Public","Արագածոտն","Aragatsotn","Арагацотн",NA,7513
"2021-06-30","Պետական","Public","Արագածոտն","Aragatsotn","Арагацотн",NA,7525
"2021-09-30","Պետական","Public","Արագածոտն","Aragatsotn","Арагацотн",NA,7547
"2021-12-31","Պետական","Public","Արագածոտն","Aragatsotn","Арагацотн",NA,7643
"2022-03-31","Պետական","Public","Արագածոտն","Aragatsotn","Арагацотн",NA,7591
"2022-06-30","Պետական","Public","Արագածոտն","Aragatsotn","Арагацотн",NA,7611
"2022-09-30","Պետական","Public","Արագածոտն","Aragatsotn","Арагацотн",NA,7432
"2022-12-31","Պետական","Public","Արագածոտն","Aragatsotn","Арагацотн",NA,7656
"2023-03-31","Պետական","Public","Արագածոտն","Aragatsotn","Арагацотн",NA,7333
"2023-06-30","Պետական","Public","Արագածոտն","Aragatsotn","Арагацотн",NA,7289
"2023-09-30","Պետական","Public","Արագածոտն","Aragatsotn","Арагацотн",NA,7268
"2023-12-31","Պետական","Public","Արագածոտն","Aragatsotn","Арагацотн",NA,7627
"2024-03-31","Պետական","Public","Արագածոտն","Aragatsotn","Арагацотн",NA,7622
"2024-06-30","Պետական","Public","Արագածոտն","Aragatsotn","Арагацотн",NA,7568
"2018-03-31","Պետական","Public","Արարատ","Ararat","Арарат",NA,10131
"2018-06-30","Պետական","Public","Արարատ","Ararat","Арарат",NA,10768
"2018-09-30","Պետական","Public","Արարատ","Ararat","Арарат",NA,10541
"2018-12-31","Պետական","Public","Արարատ","Ararat","Арарат",NA,10832
"2019-03-31","Պետական","Public","Արարատ","Ararat","Арарат",NA,10498
"2019-06-30","Պետական","Public","Արարատ","Ararat","Арарат",NA,10218
"2019-09-30","Պետական","Public","Արարատ","Ararat","Арарат",NA,10152
"2019-12-31","Պետական","Public","Արարատ","Ararat","Арарат",NA,10371
"2020-03-31","Պետական","Public","Արարատ","Ararat","Арарат",NA,10252
"2020-06-30","Պետական","Public","Արարատ","Ararat","Арарат",NA,10176
"2020-09-30","Պետական","Public","Արարատ","Ararat","Арарат",NA,10109
"2020-12-31","Պետական","Public","Արարատ","Ararat","Арарат",NA,10304
"2021-03-31","Պետական","Public","Արարատ","Ararat","Арарат",NA,10633
"2021-06-30","Պետական","Public","Արարատ","Ararat","Арарат",NA,10707
"2021-09-30","Պետական","Public","Արարատ","Ararat","Арарат",NA,10733
"2021-12-31","Պետական","Public","Արարատ","Ararat","Арарат",NA,11128
"2022-03-31","Պետական","Public","Արարատ","Ararat","Арарат",NA,10956
"2022-06-30","Պետական","Public","Արարատ","Ararat","Арарат",NA,10894
"2022-09-30","Պետական","Public","Արարատ","Ararat","Арарат",NA,10875
"2022-12-31","Պետական","Public","Արարատ","Ararat","Арарат",NA,11173
"2023-03-31","Պետական","Public","Արարատ","Ararat","Арарат",NA,10937
"2023-06-30","Պետական","Public","Արարատ","Ararat","Арарат",NA,10651
"2023-09-30","Պետական","Public","Արարատ","Ararat","Арарат",NA,10659
"2023-12-31","Պետական","Public","Արարատ","Ararat","Арарат",NA,11092
"2024-03-31","Պետական","Public","Արարատ","Ararat","Арарат",NA,11188
"2024-06-30","Պետական","Public","Արարատ","Ararat","Арарат",NA,11012
"2018-03-31","Պետական","Public","Արմավիր","Armavir","Армавир",NA,12839
"2018-06-30","Պետական","Public","Արմավիր","Armavir","Армавир",NA,13165
"2018-09-30","Պետական","Public","Արմավիր","Armavir","Армавир",NA,12941
"2018-12-31","Պետական","Public","Արմավիր","Armavir","Армавир",NA,13181
"2019-03-31","Պետական","Public","Արմավիր","Armavir","Армавир",NA,12792
"2019-06-30","Պետական","Public","Արմավիր","Armavir","Армавир",NA,12829
"2019-09-30","Պետական","Public","Արմավիր","Armavir","Армавир",NA,12808
"2019-12-31","Պետական","Public","Արմավիր","Armavir","Армавир",NA,12940
"2020-03-31","Պետական","Public","Արմավիր","Armavir","Армавир",NA,12757
"2020-06-30","Պետական","Public","Արմավիր","Armavir","Армавир",NA,12754
"2020-09-30","Պետական","Public","Արմավիր","Armavir","Армавир",NA,12718
"2020-12-31","Պետական","Public","Արմավիր","Armavir","Армавир",NA,12870
"2021-03-31","Պետական","Public","Արմավիր","Armavir","Армавир",NA,12836
"2021-06-30","Պետական","Public","Արմավիր","Armavir","Армавир",NA,12934
"2021-09-30","Պետական","Public","Արմավիր","Armavir","Армавир",NA,12951
"2021-12-31","Պետական","Public","Արմավիր","Armavir","Армавир",NA,13027
"2022-03-31","Պետական","Public","Արմավիր","Armavir","Армавир",NA,12556
"2022-06-30","Պետական","Public","Արմավիր","Armavir","Армавир",NA,12855
"2022-09-30","Պետական","Public","Արմավիր","Armavir","Армавир",NA,12582
"2022-12-31","Պետական","Public","Արմավիր","Armavir","Армавир",NA,12863
"2023-03-31","Պետական","Public","Արմավիր","Armavir","Армавир",NA,12764
"2023-06-30","Պետական","Public","Արմավիր","Armavir","Армавир",NA,12627
"2023-09-30","Պետական","Public","Արմավիր","Armavir","Армавир",NA,12604
"2023-12-31","Պետական","Public","Արմավիր","Armavir","Армавир",NA,13197
"2024-03-31","Պետական","Public","Արմավիր","Armavir","Армавир",NA,13224
"2024-06-30","Պետական","Public","Արմավիր","Armavir","Армавир",NA,13240
"2018-03-31","Պետական","Public","Գեղարքունիք","Gegharkunik","Гегаркуник",NA,10401
"2018-06-30","Պետական","Public","Գեղարքունիք","Gegharkunik","Гегаркуник",NA,10566
"2018-09-30","Պետական","Public","Գեղարքունիք","Gegharkunik","Гегаркуник",NA,10451
"2018-12-31","Պետական","Public","Գեղարքունիք","Gegharkunik","Гегаркуник",NA,10690
"2019-03-31","Պետական","Public","Գեղարքունիք","Gegharkunik","Гегаркуник",NA,10729
"2019-06-30","Պետական","Public","Գեղարքունիք","Gegharkunik","Гегаркуник",NA,10896
"2019-09-30","Պետական","Public","Գեղարքունիք","Gegharkunik","Гегаркуник",NA,10774
"2019-12-31","Պետական","Public","Գեղարքունիք","Gegharkunik","Гегаркуник",NA,10995
"2020-03-31","Պետական","Public","Գեղարքունիք","Gegharkunik","Гегаркуник",NA,10858
"2020-06-30","Պետական","Public","Գեղարքունիք","Gegharkunik","Гегаркуник",NA,10910
"2020-09-30","Պետական","Public","Գեղարքունիք","Gegharkunik","Гегаркуник",NA,10781
"2020-12-31","Պետական","Public","Գեղարքունիք","Gegharkunik","Гегаркуник",NA,11050
"2021-03-31","Պետական","Public","Գեղարքունիք","Gegharkunik","Гегаркуник",NA,11245
"2021-06-30","Պետական","Public","Գեղարքունիք","Gegharkunik","Гегаркуник",NA,11378
"2021-09-30","Պետական","Public","Գեղարքունիք","Gegharkunik","Гегаркуник",NA,11297
"2021-12-31","Պետական","Public","Գեղարքունիք","Gegharkunik","Гегаркуник",NA,11657
"2022-03-31","Պետական","Public","Գեղարքունիք","Gegharkunik","Гегаркуник",NA,11450
"2022-06-30","Պետական","Public","Գեղարքունիք","Gegharkunik","Гегаркуник",NA,11380
"2022-09-30","Պետական","Public","Գեղարքունիք","Gegharkunik","Гегаркуник",NA,11070
"2022-12-31","Պետական","Public","Գեղարքունիք","Gegharkunik","Гегаркуник",NA,11467
"2023-03-31","Պետական","Public","Գեղարքունիք","Gegharkunik","Гегаркуник",NA,11435
"2023-06-30","Պետական","Public","Գեղարքունիք","Gegharkunik","Гегаркуник",NA,11333
"2023-09-30","Պետական","Public","Գեղարքունիք","Gegharkunik","Гегаркуник",NA,11142
"2023-12-31","Պետական","Public","Գեղարքունիք","Gegharkunik","Гегаркуник",NA,11552
"2024-03-31","Պետական","Public","Գեղարքունիք","Gegharkunik","Гегаркуник",NA,11620
"2024-06-30","Պետական","Public","Գեղարքունիք","Gegharkunik","Гегаркуник",NA,11574
"2018-03-31","Պետական","Public","Լոռի","Lori","Лори",NA,12384
"2018-06-30","Պետական","Public","Լոռի","Lori","Лори",NA,12412
"2018-09-30","Պետական","Public","Լոռի","Lori","Лори",NA,12169
"2018-12-31","Պետական","Public","Լոռի","Lori","Лори",NA,12620
"2019-03-31","Պետական","Public","Լոռի","Lori","Лори",NA,12762
"2019-06-30","Պետական","Public","Լոռի","Lori","Лори",NA,12752
"2019-09-30","Պետական","Public","Լոռի","Lori","Лори",NA,12567
"2019-12-31","Պետական","Public","Լոռի","Lori","Лори",NA,12854
"2020-03-31","Պետական","Public","Լոռի","Lori","Лори",NA,12733
"2020-06-30","Պետական","Public","Լոռի","Lori","Лори",NA,12800
"2020-09-30","Պետական","Public","Լոռի","Lori","Лори",NA,12767
"2020-12-31","Պետական","Public","Լոռի","Lori","Лори",NA,12840
"2021-03-31","Պետական","Public","Լոռի","Lori","Лори",NA,12940
"2021-06-30","Պետական","Public","Լոռի","Lori","Лори",NA,12981
"2021-09-30","Պետական","Public","Լոռի","Lori","Лори",NA,12881
"2021-12-31","Պետական","Public","Լոռի","Lori","Лори",NA,13064
"2022-03-31","Պետական","Public","Լոռի","Lori","Лори",NA,13035
"2022-06-30","Պետական","Public","Լոռի","Lori","Лори",NA,12956
"2022-09-30","Պետական","Public","Լոռի","Lori","Лори",NA,12683
"2022-12-31","Պետական","Public","Լոռի","Lori","Лори",NA,13018
"2023-03-31","Պետական","Public","Լոռի","Lori","Лори",NA,12873
"2023-06-30","Պետական","Public","Լոռի","Lori","Лори",NA,12524
"2023-09-30","Պետական","Public","Լոռի","Lori","Лори",NA,12413
"2023-12-31","Պետական","Public","Լոռի","Lori","Лори",NA,12906
"2024-03-31","Պետական","Public","Լոռի","Lori","Лори",NA,13085
"2024-06-30","Պետական","Public","Լոռի","Lori","Лори",NA,13147
"2018-03-31","Պետական","Public","Կոտայք","Kotayk","Котайк",NA,11993
"2018-06-30","Պետական","Public","Կոտայք","Kotayk","Котайк",NA,11972
"2018-09-30","Պետական","Public","Կոտայք","Kotayk","Котайк",NA,11806
"2018-12-31","Պետական","Public","Կոտայք","Kotayk","Котайк",NA,11988
"2019-03-31","Պետական","Public","Կոտայք","Kotayk","Котайк",NA,11838
"2019-06-30","Պետական","Public","Կոտայք","Kotayk","Котайк",NA,11826
"2019-09-30","Պետական","Public","Կոտայք","Kotayk","Котайк",NA,11743
"2019-12-31","Պետական","Public","Կոտայք","Kotayk","Котайк",NA,12009
"2020-03-31","Պետական","Public","Կոտայք","Kotayk","Котайк",NA,11580
"2020-06-30","Պետական","Public","Կոտայք","Kotayk","Котайк",NA,11517
"2020-09-30","Պետական","Public","Կոտայք","Kotayk","Котайк",NA,11560
"2020-12-31","Պետական","Public","Կոտայք","Kotayk","Котайк",NA,11714
"2021-03-31","Պետական","Public","Կոտայք","Kotayk","Котайк",NA,11714
"2021-06-30","Պետական","Public","Կոտայք","Kotayk","Котайк",NA,11830
"2021-09-30","Պետական","Public","Կոտայք","Kotayk","Котайк",NA,11719
"2021-12-31","Պետական","Public","Կոտայք","Kotayk","Котайк",NA,11745
"2022-03-31","Պետական","Public","Կոտայք","Kotayk","Котайк",NA,11306
"2022-06-30","Պետական","Public","Կոտայք","Kotayk","Котайк",NA,11697
"2022-09-30","Պետական","Public","Կոտայք","Kotayk","Котайк",NA,11909
"2022-12-31","Պետական","Public","Կոտայք","Kotayk","Котайк",NA,12078
"2023-03-31","Պետական","Public","Կոտայք","Kotayk","Котайк",NA,12276
"2023-06-30","Պետական","Public","Կոտայք","Kotayk","Котайк",NA,12284
"2023-09-30","Պետական","Public","Կոտայք","Kotayk","Котайк",NA,12230
"2023-12-31","Պետական","Public","Կոտայք","Kotayk","Котайк",NA,12771
"2024-03-31","Պետական","Public","Կոտայք","Kotayk","Котайк",NA,12793
"2024-06-30","Պետական","Public","Կոտայք","Kotayk","Котайк",NA,12896
"2018-03-31","Պետական","Public","Շիրակ","Shirak","Ширак",NA,13901
"2018-06-30","Պետական","Public","Շիրակ","Shirak","Ширак",NA,13959
"2018-09-30","Պետական","Public","Շիրակ","Shirak","Ширак",NA,13734
"2018-12-31","Պետական","Public","Շիրակ","Shirak","Ширак",NA,14224
"2019-03-31","Պետական","Public","Շիրակ","Shirak","Ширак",NA,14032
"2019-06-30","Պետական","Public","Շիրակ","Shirak","Ширак",NA,13993
"2019-09-30","Պետական","Public","Շիրակ","Shirak","Ширак",NA,13649
"2019-12-31","Պետական","Public","Շիրակ","Shirak","Ширак",NA,14052
"2020-03-31","Պետական","Public","Շիրակ","Shirak","Ширак",NA,13951
"2020-06-30","Պետական","Public","Շիրակ","Shirak","Ширак",NA,13828
"2020-09-30","Պետական","Public","Շիրակ","Shirak","Ширак",NA,13779
"2020-12-31","Պետական","Public","Շիրակ","Shirak","Ширак",NA,13942
"2021-03-31","Պետական","Public","Շիրակ","Shirak","Ширак",NA,14062
"2021-06-30","Պետական","Public","Շիրակ","Shirak","Ширак",NA,14001
"2021-09-30","Պետական","Public","Շիրակ","Shirak","Ширак",NA,13766
"2021-12-31","Պետական","Public","Շիրակ","Shirak","Ширак",NA,14022
"2022-03-31","Պետական","Public","Շիրակ","Shirak","Ширак",NA,13849
"2022-06-30","Պետական","Public","Շիրակ","Shirak","Ширак",NA,14239
"2022-09-30","Պետական","Public","Շիրակ","Shirak","Ширак",NA,14044
"2022-12-31","Պետական","Public","Շիրակ","Shirak","Ширак",NA,14348
"2023-03-31","Պետական","Public","Շիրակ","Shirak","Ширак",NA,14212
"2023-06-30","Պետական","Public","Շիրակ","Shirak","Ширак",NA,14226
"2023-09-30","Պետական","Public","Շիրակ","Shirak","Ширак",NA,14168
"2023-12-31","Պետական","Public","Շիրակ","Shirak","Ширак",NA,14615
"2024-03-31","Պետական","Public","Շիրակ","Shirak","Ширак",NA,14481
"2024-06-30","Պետական","Public","Շիրակ","Shirak","Ширак",NA,14549
"2018-03-31","Պետական","Public","Սյունիք","Syunik","Сюник",NA,8976
"2018-06-30","Պետական","Public","Սյունիք","Syunik","Сюник",NA,9106
"2018-09-30","Պետական","Public","Սյունիք","Syunik","Сюник",NA,8866
"2018-12-31","Պետական","Public","Սյունիք","Syunik","Сюник",NA,9146
"2019-03-31","Պետական","Public","Սյունիք","Syunik","Сюник",NA,8950
"2019-06-30","Պետական","Public","Սյունիք","Syunik","Сюник",NA,8957
"2019-09-30","Պետական","Public","Սյունիք","Syunik","Сюник",NA,8804
"2019-12-31","Պետական","Public","Սյունիք","Syunik","Сюник",NA,8990
"2020-03-31","Պետական","Public","Սյունիք","Syunik","Сюник",NA,8970
"2020-06-30","Պետական","Public","Սյունիք","Syunik","Сюник",NA,8865
"2020-09-30","Պետական","Public","Սյունիք","Syunik","Сюник",NA,8801
"2020-12-31","Պետական","Public","Սյունիք","Syunik","Сюник",NA,8958
"2021-03-31","Պետական","Public","Սյունիք","Syunik","Сюник",NA,9002
"2021-06-30","Պետական","Public","Սյունիք","Syunik","Сюник",NA,8993
"2021-09-30","Պետական","Public","Սյունիք","Syunik","Сюник",NA,8792
"2021-12-31","Պետական","Public","Սյունիք","Syunik","Сюник",NA,9125
"2022-03-31","Պետական","Public","Սյունիք","Syunik","Сюник",NA,9200
"2022-06-30","Պետական","Public","Սյունիք","Syunik","Сюник",NA,9248
"2022-09-30","Պետական","Public","Սյունիք","Syunik","Сюник",NA,9082
"2022-12-31","Պետական","Public","Սյունիք","Syunik","Сюник",NA,9293
"2023-03-31","Պետական","Public","Սյունիք","Syunik","Сюник",NA,9281
"2023-06-30","Պետական","Public","Սյունիք","Syunik","Сюник",NA,9046
"2023-09-30","Պետական","Public","Սյունիք","Syunik","Сюник",NA,8869
"2023-12-31","Պետական","Public","Սյունիք","Syunik","Сюник",NA,9292
"2024-03-31","Պետական","Public","Սյունիք","Syunik","Сюник",NA,9147
"2024-06-30","Պետական","Public","Սյունիք","Syunik","Сюник",NA,9277
"2018-03-31","Պետական","Public","Վայոց Ձոր","Vayots Dzor","Вайоц дзор",NA,2982
"2018-06-30","Պետական","Public","Վայոց Ձոր","Vayots Dzor","Вайоц дзор",NA,3118
"2018-09-30","Պետական","Public","Վայոց Ձոր","Vayots Dzor","Вайоц дзор",NA,3064
"2018-12-31","Պետական","Public","Վայոց Ձոր","Vayots Dzor","Вайоц дзор",NA,3155
"2019-03-31","Պետական","Public","Վայոց Ձոր","Vayots Dzor","Вайоц дзор",NA,2932
"2019-06-30","Պետական","Public","Վայոց Ձոր","Vayots Dzor","Вайоц дзор",NA,2871
"2019-09-30","Պետական","Public","Վայոց Ձոր","Vayots Dzor","Вайоц дзор",NA,2777
"2019-12-31","Պետական","Public","Վայոց Ձոր","Vayots Dzor","Вайоц дзор",NA,2888
"2020-03-31","Պետական","Public","Վայոց Ձոր","Vayots Dzor","Вайоц дзор",NA,2800
"2020-06-30","Պետական","Public","Վայոց Ձոր","Vayots Dzor","Вайоц дзор",NA,2828
"2020-09-30","Պետական","Public","Վայոց Ձոր","Vayots Dzor","Вайоц дзор",NA,2823
"2020-12-31","Պետական","Public","Վայոց Ձոր","Vayots Dzor","Вайоц дзор",NA,2809
"2021-03-31","Պետական","Public","Վայոց Ձոր","Vayots Dzor","Вайоц дзор",NA,2841
"2021-06-30","Պետական","Public","Վայոց Ձոր","Vayots Dzor","Вайоц дзор",NA,2936
"2021-09-30","Պետական","Public","Վայոց Ձոր","Vayots Dzor","Вайоц дзор",NA,2922
"2021-12-31","Պետական","Public","Վայոց Ձոր","Vayots Dzor","Вайоц дзор",NA,2949
"2022-03-31","Պետական","Public","Վայոց Ձոր","Vayots Dzor","Вайоц дзор",NA,2913
"2022-06-30","Պետական","Public","Վայոց Ձոր","Vayots Dzor","Вайоц дзор",NA,2973
"2022-09-30","Պետական","Public","Վայոց Ձոր","Vayots Dzor","Вайоц дзор",NA,2932
"2022-12-31","Պետական","Public","Վայոց Ձոր","Vayots Dzor","Вайоц дзор",NA,2959
"2023-03-31","Պետական","Public","Վայոց Ձոր","Vayots Dzor","Вайоц дзор",NA,2917
"2023-06-30","Պետական","Public","Վայոց Ձոր","Vayots Dzor","Вайоц дзор",NA,2925
"2023-09-30","Պետական","Public","Վայոց Ձոր","Vayots Dzor","Вайоц дзор",NA,2799
"2023-12-31","Պետական","Public","Վայոց Ձոր","Vayots Dzor","Вайоц дзор",NA,2872
"2024-03-31","Պետական","Public","Վայոց Ձոր","Vayots Dzor","Вайоц дзор",NA,2840
"2024-06-30","Պետական","Public","Վայոց Ձոր","Vayots Dzor","Вайоц дзор",NA,2888
"2018-03-31","Պետական","Public","Տավուշ","Tavush","Тавуш",NA,6884
"2018-06-30","Պետական","Public","Տավուշ","Tavush","Тавуш",NA,7004
"2018-09-30","Պետական","Public","Տավուշ","Tavush","Тавуш",NA,6608
"2018-12-31","Պետական","Public","Տավուշ","Tavush","Тавуш",NA,6836
"2019-03-31","Պետական","Public","Տավուշ","Tavush","Тавуш",NA,6772
"2019-06-30","Պետական","Public","Տավուշ","Tavush","Тавуш",NA,6806
"2019-09-30","Պետական","Public","Տավուշ","Tavush","Тавуш",NA,6693
"2019-12-31","Պետական","Public","Տավուշ","Tavush","Тавуш",NA,7112
"2020-03-31","Պետական","Public","Տավուշ","Tavush","Тавуш",NA,6930
"2020-06-30","Պետական","Public","Տավուշ","Tavush","Тавуш",NA,6890
"2020-09-30","Պետական","Public","Տավուշ","Tavush","Тавуш",NA,6825
"2020-12-31","Պետական","Public","Տավուշ","Tavush","Тавуш",NA,6837
"2021-03-31","Պետական","Public","Տավուշ","Tavush","Тавуш",NA,5955
"2021-06-30","Պետական","Public","Տավուշ","Tavush","Тавуш",NA,6952
"2021-09-30","Պետական","Public","Տավուշ","Tavush","Тавуш",NA,6877
"2021-12-31","Պետական","Public","Տավուշ","Tavush","Тавуш",NA,7024
"2022-03-31","Պետական","Public","Տավուշ","Tavush","Тавуш",NA,7109
"2022-06-30","Պետական","Public","Տավուշ","Tavush","Тавуш",NA,7045
"2022-09-30","Պետական","Public","Տավուշ","Tavush","Тавуш",NA,6868
"2022-12-31","Պետական","Public","Տավուշ","Tavush","Тавуш",NA,7012
"2023-03-31","Պետական","Public","Տավուշ","Tavush","Тавуш",NA,6985
"2023-06-30","Պետական","Public","Տավուշ","Tavush","Тавуш",NA,6856
"2023-09-30","Պետական","Public","Տավուշ","Tavush","Тавуш",NA,6829
"2023-12-31","Պետական","Public","Տավուշ","Tavush","Тавуш",NA,7188
"2024-03-31","Պետական","Public","Տավուշ","Tavush","Тавуш",NA,7130
"2024-06-30","Պետական","Public","Տավուշ","Tavush","Тавуш",NA,7038
"2018-03-31","Ոչ Պետական","Non-public","Ընդամենը","Total","Всего",NA,320334
"2018-06-30","Ոչ Պետական","Non-public","Ընդամենը","Total","Всего",NA,342328
"2018-09-30","Ոչ Պետական","Non-public","Ընդամենը","Total","Всего",NA,372919
"2018-12-31","Ոչ Պետական","Non-public","Ընդամենը","Total","Всего",NA,378499
"2019-03-31","Ոչ Պետական","Non-public","Ընդամենը","Total","Всего",NA,367918
"2019-06-30","Ոչ Պետական","Non-public","Ընդամենը","Total","Всего",NA,395927
"2019-09-30","Ոչ Պետական","Non-public","Ընդամենը","Total","Всего",NA,410045
"2019-12-31","Ոչ Պետական","Non-public","Ընդամենը","Total","Всего",NA,420900
"2020-03-31","Ոչ Պետական","Non-public","Ընդամենը","Total","Всего",NA,411650
"2020-06-30","Ոչ Պետական","Non-public","Ընդամենը","Total","Всего",NA,408295
"2020-09-30","Ոչ Պետական","Non-public","Ընդամենը","Total","Всего",NA,538389
"2020-12-31","Ոչ Պետական","Non-public","Ընդամենը","Total","Всего",NA,433296
"2021-03-31","Ոչ Պետական","Non-public","Ընդամենը","Total","Всего",NA,417940
"2021-06-30","Ոչ Պետական","Non-public","Ընդամենը","Total","Всего",NA,439808
"2021-09-30","Ոչ Պետական","Non-public","Ընդամենը","Total","Всего",NA,453080
"2021-12-31","Ոչ Պետական","Non-public","Ընդամենը","Total","Всего",NA,459942
"2022-03-31","Ոչ Պետական","Non-public","Ընդամենը","Total","Всего",NA,452528
"2022-06-30","Ոչ Պետական","Non-public","Ընդամենը","Total","Всего",NA,476687
"2022-09-30","Ոչ Պետական","Non-public","Ընդամենը","Total","Всего",NA,484087
"2022-12-31","Ոչ Պետական","Non-public","Ընդամենը","Total","Всего",NA,495465
"2023-03-31","Ոչ Պետական","Non-public","Ընդամենը","Total","Всего",NA,490902
"2023-06-30","Ոչ Պետական","Non-public","Ընդամենը","Total","Всего",NA,512925
"2023-09-30","Ոչ Պետական","Non-public","Ընդամենը","Total","Всего",NA,522004
"2023-12-31","Ոչ Պետական","Non-public","Ընդամենը","Total","Всего",NA,527787
"2024-03-31","Ոչ Պետական","Non-public","Ընդամենը","Total","Всего",NA,521986
"2024-06-30","Ոչ Պետական","Non-public","Ընդամենը","Total","Всего",NA,541310
"2018-03-31","Ոչ Պետական","Non-public","Երևան","Yerevan city","г. Ереван",NA,231801
"2018-06-30","Ոչ Պետական","Non-public","Երևան","Yerevan city","г. Ереван",NA,248069
"2018-09-30","Ոչ Պետական","Non-public","Երևան","Yerevan city","г. Ереван",NA,268698
"2018-12-31","Ոչ Պետական","Non-public","Երևան","Yerevan city","г. Ереван",NA,275404
"2019-03-31","Ոչ Պետական","Non-public","Երևան","Yerevan city","г. Ереван",NA,267618
"2019-06-30","Ոչ Պետական","Non-public","Երևան","Yerevan city","г. Ереван",NA,290476
"2019-09-30","Ոչ Պետական","Non-public","Երևան","Yerevan city","г. Ереван",NA,300356
"2019-12-31","Ոչ Պետական","Non-public","Երևան","Yerevan city","г. Ереван",NA,311806
"2020-03-31","Ոչ Պետական","Non-public","Երևան","Yerevan city","г. Ереван",NA,308020
"2020-06-30","Ոչ Պետական","Non-public","Երևան","Yerevan city","г. Ереван",NA,302768
"2020-09-30","Ոչ Պետական","Non-public","Երևան","Yerevan city","г. Ереван",NA,324248
"2020-12-31","Ոչ Պետական","Non-public","Երևան","Yerevan city","г. Ереван",NA,324315
"2021-03-31","Ոչ Պետական","Non-public","Երևան","Yerevan city","г. Ереван",NA,314236
"2021-06-30","Ոչ Պետական","Non-public","Երևան","Yerevan city","г. Ереван",NA,330812
"2021-09-30","Ոչ Պետական","Non-public","Երևան","Yerevan city","г. Ереван",NA,340489
"2021-12-31","Ոչ Պետական","Non-public","Երևան","Yerevan city","г. Ереван",NA,349046
"2022-03-31","Ոչ Պետական","Non-public","Երևան","Yerevan city","г. Ереван",NA,343229
"2022-06-30","Ոչ Պետական","Non-public","Երևան","Yerevan city","г. Ереван",NA,363042
"2022-09-30","Ոչ Պետական","Non-public","Երևան","Yerevan city","г. Ереван",NA,369166
"2022-12-31","Ոչ Պետական","Non-public","Երևան","Yerevan city","г. Ереван",NA,381469
"2023-03-31","Ոչ Պետական","Non-public","Երևան","Yerevan city","г. Ереван",NA,379346
"2023-06-30","Ոչ Պետական","Non-public","Երևան","Yerevan city","г. Ереван",NA,395798
"2023-09-30","Ոչ Պետական","Non-public","Երևան","Yerevan city","г. Ереван",NA,402560
"2023-12-31","Ոչ Պետական","Non-public","Երևան","Yerevan city","г. Ереван",NA,410644
"2024-03-31","Ոչ Պետական","Non-public","Երևան","Yerevan city","г. Ереван",NA,407659
"2024-06-30","Ոչ Պետական","Non-public","Երևան","Yerevan city","г. Ереван",NA,420813
"2018-03-31","Ոչ Պետական","Non-public","Արագածոտն","Aragatsotn","Арагацотн",NA,3593
"2018-06-30","Ոչ Պետական","Non-public","Արագածոտն","Aragatsotn","Арагацотн",NA,4090
"2018-09-30","Ոչ Պետական","Non-public","Արագածոտն","Aragatsotn","Арагацотн",NA,4688
"2018-12-31","Ոչ Պետական","Non-public","Արագածոտն","Aragatsotn","Арагацотн",NA,4488
"2019-03-31","Ոչ Պետական","Non-public","Արագածոտն","Aragatsotn","Арагацотн",NA,3954
"2019-06-30","Ոչ Պետական","Non-public","Արագածոտն","Aragatsotn","Арагацотн",NA,4680
"2019-09-30","Ոչ Պետական","Non-public","Արագածոտն","Aragatsotn","Арагацотн",NA,4872
"2019-12-31","Ոչ Պետական","Non-public","Արագածոտն","Aragatsotn","Арагацотн",NA,4535
"2020-03-31","Ոչ Պետական","Non-public","Արագածոտն","Aragatsotn","Арагацотн",NA,4043
"2020-06-30","Ոչ Պետական","Non-public","Արագածոտն","Aragatsotn","Арагацотн",NA,4366
"2020-09-30","Ոչ Պետական","Non-public","Արագածոտն","Aragatsotn","Арагацотн",NA,4809
"2020-12-31","Ոչ Պետական","Non-public","Արագածոտն","Aragatsotn","Арагацотн",NA,4486
"2021-03-31","Ոչ Պետական","Non-public","Արագածոտն","Aragatsotn","Арагацотн",NA,4148
"2021-06-30","Ոչ Պետական","Non-public","Արագածոտն","Aragatsotn","Арагацотн",NA,4724
"2021-09-30","Ոչ Պետական","Non-public","Արագածոտն","Aragatsotn","Арагацотн",NA,4941
"2021-12-31","Ոչ Պետական","Non-public","Արագածոտն","Aragatsotn","Арагацотн",NA,4689
"2022-03-31","Ոչ Պետական","Non-public","Արագածոտն","Aragatsotn","Арагацотн",NA,4375
"2022-06-30","Ոչ Պետական","Non-public","Արագածոտն","Aragatsotn","Арагацотн",NA,4812
"2022-09-30","Ոչ Պետական","Non-public","Արագածոտն","Aragatsotn","Арагацотн",NA,4858
"2022-12-31","Ոչ Պետական","Non-public","Արագածոտն","Aragatsotn","Арагацотн",NA,4668
"2023-03-31","Ոչ Պետական","Non-public","Արագածոտն","Aragatsotn","Арагацотн",NA,4330
"2023-06-30","Ոչ Պետական","Non-public","Արագածոտն","Aragatsotn","Арагацотн",NA,4789
"2023-09-30","Ոչ Պետական","Non-public","Արագածոտն","Aragatsotn","Арагацотн",NA,5068
"2023-12-31","Ոչ Պետական","Non-public","Արագածոտն","Aragatsotn","Арагацотн",NA,4843
"2024-03-31","Ոչ Պետական","Non-public","Արագածոտն","Aragatsotn","Арагацотн",NA,4525
"2024-06-30","Ոչ Պետական","Non-public","Արագածոտն","Aragatsotn","Арагацотн",NA,4799
"2018-03-31","Ոչ Պետական","Non-public","Արարատ","Ararat","Арарат",NA,12069
"2018-06-30","Ոչ Պետական","Non-public","Արարատ","Ararat","Арарат",NA,12674
"2018-09-30","Ոչ Պետական","Non-public","Արարատ","Ararat","Арарат",NA,14169
"2018-12-31","Ոչ Պետական","Non-public","Արարատ","Ararat","Арарат",NA,14405
"2019-03-31","Ոչ Պետական","Non-public","Արարատ","Ararat","Арарат",NA,14768
"2019-06-30","Ոչ Պետական","Non-public","Արարատ","Ararat","Арарат",NA,16070
"2019-09-30","Ոչ Պետական","Non-public","Արարատ","Ararat","Арарат",NA,17065
"2019-12-31","Ոչ Պետական","Non-public","Արարատ","Ararat","Арарат",NA,17023
"2020-03-31","Ոչ Պետական","Non-public","Արարատ","Ararat","Арарат",NA,15755
"2020-06-30","Ոչ Պետական","Non-public","Արարատ","Ararat","Арарат",NA,16163
"2020-09-30","Ոչ Պետական","Non-public","Արարատ","Ararat","Арарат",NA,17548
"2020-12-31","Ոչ Պետական","Non-public","Արարատ","Ararat","Арарат",NA,16924
"2021-03-31","Ոչ Պետական","Non-public","Արարատ","Ararat","Арарат",NA,16068
"2021-06-30","Ոչ Պետական","Non-public","Արարատ","Ararat","Арарат",NA,16363
"2021-09-30","Ոչ Պետական","Non-public","Արարատ","Ararat","Арарат",NA,16821
"2021-12-31","Ոչ Պետական","Non-public","Արարատ","Ararat","Арарат",NA,16854
"2022-03-31","Ոչ Պետական","Non-public","Արարատ","Ararat","Арарат",NA,16405
"2022-06-30","Ոչ Պետական","Non-public","Արարատ","Ararat","Арарат",NA,17035
"2022-09-30","Ոչ Պետական","Non-public","Արարատ","Ararat","Арарат",NA,17425
"2022-12-31","Ոչ Պետական","Non-public","Արարատ","Ararat","Арарат",NA,17440
"2023-03-31","Ոչ Պետական","Non-public","Արարատ","Ararat","Арарат",NA,16456
"2023-06-30","Ոչ Պետական","Non-public","Արարատ","Ararat","Арарат",NA,16721
"2023-09-30","Ոչ Պետական","Non-public","Արարատ","Ararat","Арарат",NA,16991
"2023-12-31","Ոչ Պետական","Non-public","Արարատ","Ararat","Арарат",NA,16194
"2024-03-31","Ոչ Պետական","Non-public","Արարատ","Ararat","Арарат",NA,15619
"2024-06-30","Ոչ Պետական","Non-public","Արարատ","Ararat","Арарат",NA,16313
"2018-03-31","Ոչ Պետական","Non-public","Արմավիր","Armavir","Армавир",NA,9948
"2018-06-30","Ոչ Պետական","Non-public","Արմավիր","Armavir","Армавир",NA,11108
"2018-09-30","Ոչ Պետական","Non-public","Արմավիր","Armavir","Армавир",NA,11665
"2018-12-31","Ոչ Պետական","Non-public","Արմավիր","Armavir","Армавир",NA,11495
"2019-03-31","Ոչ Պետական","Non-public","Արմավիր","Armavir","Армавир",NA,10062
"2019-06-30","Ոչ Պետական","Non-public","Արմավիր","Armavir","Армавир",NA,11063
"2019-09-30","Ոչ Պետական","Non-public","Արմավիր","Armavir","Армавир",NA,11219
"2019-12-31","Ոչ Պետական","Non-public","Արմավիր","Armavir","Армавир",NA,11147
"2020-03-31","Ոչ Պետական","Non-public","Արմավիր","Armavir","Армавир",NA,10535
"2020-06-30","Ոչ Պետական","Non-public","Արմավիր","Armavir","Армавир",NA,11130
"2020-09-30","Ոչ Պետական","Non-public","Արմավիր","Armavir","Армавир",NA,12057
"2020-12-31","Ոչ Պետական","Non-public","Արմավիր","Armavir","Армавир",NA,11261
"2021-03-31","Ոչ Պետական","Non-public","Արմավիր","Armavir","Армавир",NA,10680
"2021-06-30","Ոչ Պետական","Non-public","Արմավիր","Armavir","Армавир",NA,11736
"2021-09-30","Ոչ Պետական","Non-public","Արմավիր","Armavir","Армавир",NA,12033
"2021-12-31","Ոչ Պետական","Non-public","Արմավիր","Armavir","Армавир",NA,11709
"2022-03-31","Ոչ Պետական","Non-public","Արմավիր","Armavir","Армавир",NA,12003
"2022-06-30","Ոչ Պետական","Non-public","Արմավիր","Armavir","Армавир",NA,12480
"2022-09-30","Ոչ Պետական","Non-public","Արմավիր","Armavir","Армавир",NA,12308
"2022-12-31","Ոչ Պետական","Non-public","Արմավիր","Armavir","Армавир",NA,12233
"2023-03-31","Ոչ Պետական","Non-public","Արմավիր","Armavir","Армавир",NA,12096
"2023-06-30","Ոչ Պետական","Non-public","Արմավիր","Armavir","Армавир",NA,12880
"2023-09-30","Ոչ Պետական","Non-public","Արմավիր","Armavir","Армавир",NA,13140
"2023-12-31","Ոչ Պետական","Non-public","Արմավիր","Armavir","Армавир",NA,12888
"2024-03-31","Ոչ Պետական","Non-public","Արմավիր","Armavir","Армавир",NA,12923
"2024-06-30","Ոչ Պետական","Non-public","Արմավիր","Armavir","Армавир",NA,13695
"2018-03-31","Ոչ Պետական","Non-public","Գեղարքունիք","Gegharkunik","Гегаркуник",NA,4011
"2018-06-30","Ոչ Պետական","Non-public","Գեղարքունիք","Gegharkunik","Гегаркуник",NA,4486
"2018-09-30","Ոչ Պետական","Non-public","Գեղարքունիք","Gegharkunik","Гегаркуник",NA,5507
"2018-12-31","Ոչ Պետական","Non-public","Գեղարքունիք","Gegharkunik","Гегаркуник",NA,5133
"2019-03-31","Ոչ Պետական","Non-public","Գեղարքունիք","Gegharkunik","Гегаркуник",NA,4585
"2019-06-30","Ոչ Պետական","Non-public","Գեղարքունիք","Gegharkunik","Гегаркуник",NA,4999
"2019-09-30","Ոչ Պետական","Non-public","Գեղարքունիք","Gegharkunik","Гегаркуник",NA,5386
"2019-12-31","Ոչ Պետական","Non-public","Գեղարքունիք","Gegharkunik","Гегаркуник",NA,5153
"2020-03-31","Ոչ Պետական","Non-public","Գեղարքունիք","Gegharkunik","Гегаркуник",NA,4761
"2020-06-30","Ոչ Պետական","Non-public","Գեղարքունիք","Gegharkunik","Гегаркуник",NA,4930
"2020-09-30","Ոչ Պետական","Non-public","Գեղարքունիք","Gegharkunik","Гегаркуник",NA,5561
"2020-12-31","Ոչ Պետական","Non-public","Գեղարքունիք","Gegharkunik","Гегаркуник",NA,5174
"2021-03-31","Ոչ Պետական","Non-public","Գեղարքունիք","Gegharkunik","Гегаркуник",NA,4569
"2021-06-30","Ոչ Պետական","Non-public","Գեղարքունիք","Gegharkunik","Гегаркуник",NA,4794
"2021-09-30","Ոչ Պետական","Non-public","Գեղարքունիք","Gegharkunik","Гегаркуник",NA,5452
"2021-12-31","Ոչ Պետական","Non-public","Գեղարքունիք","Gegharkunik","Гегаркуник",NA,5217
"2022-03-31","Ոչ Պետական","Non-public","Գեղարքունիք","Gegharkunik","Гегаркуник",NA,4870
"2022-06-30","Ոչ Պետական","Non-public","Գեղարքունիք","Gegharkunik","Гегаркуник",NA,5225
"2022-09-30","Ոչ Պետական","Non-public","Գեղարքունիք","Gegharkunik","Гегаркуник",NA,5496
"2022-12-31","Ոչ Պետական","Non-public","Գեղարքունիք","Gegharkunik","Гегаркуник",NA,5266
"2023-03-31","Ոչ Պետական","Non-public","Գեղարքունիք","Gegharkunik","Гегаркуник",NA,5157
"2023-06-30","Ոչ Պետական","Non-public","Գեղարքունիք","Gegharkunik","Гегаркуник",NA,5567
"2023-09-30","Ոչ Պետական","Non-public","Գեղարքունիք","Gegharkunik","Гегаркуник",NA,5907
"2023-12-31","Ոչ Պետական","Non-public","Գեղարքունիք","Gegharkunik","Гегаркуник",NA,5697
"2024-03-31","Ոչ Պետական","Non-public","Գեղարքունիք","Gegharkunik","Гегаркуник",NA,5544
"2024-06-30","Ոչ Պետական","Non-public","Գեղարքունիք","Gegharkunik","Гегаркуник",NA,6121
"2018-03-31","Ոչ Պետական","Non-public","Լոռի","Lori","Лори",NA,12330
"2018-06-30","Ոչ Պետական","Non-public","Լոռի","Lori","Лори",NA,11962
"2018-09-30","Ոչ Պետական","Non-public","Լոռի","Lori","Лори",NA,13265
"2018-12-31","Ոչ Պետական","Non-public","Լոռի","Lori","Лори",NA,13192
"2019-03-31","Ոչ Պետական","Non-public","Լոռի","Lori","Лори",NA,12322
"2019-06-30","Ոչ Պետական","Non-public","Լոռի","Lori","Лори",NA,13656
"2019-09-30","Ոչ Պետական","Non-public","Լոռի","Lori","Лори",NA,14134
"2019-12-31","Ոչ Պետական","Non-public","Լոռի","Lori","Лори",NA,14000
"2020-03-31","Ոչ Պետական","Non-public","Լոռի","Lori","Лори",NA,12719
"2020-06-30","Ոչ Պետական","Non-public","Լոռի","Lori","Лори",NA,13121
"2020-09-30","Ոչ Պետական","Non-public","Լոռի","Lori","Лори",NA,14135
"2020-12-31","Ոչ Պետական","Non-public","Լոռի","Lori","Лори",NA,13674
"2021-03-31","Ոչ Պետական","Non-public","Լոռի","Lori","Лори",NA,13335
"2021-06-30","Ոչ Պետական","Non-public","Լոռի","Lori","Лори",NA,13725
"2021-09-30","Ոչ Պետական","Non-public","Լոռի","Lori","Лори",NA,14185
"2021-12-31","Ոչ Պետական","Non-public","Լոռի","Lori","Лори",NA,14164
"2022-03-31","Ոչ Պետական","Non-public","Լոռի","Lori","Лори",NA,13491
"2022-06-30","Ոչ Պետական","Non-public","Լոռի","Lori","Лори",NA,14095
"2022-09-30","Ոչ Պետական","Non-public","Լոռի","Lori","Лори",NA,14297
"2022-12-31","Ոչ Պետական","Non-public","Լոռի","Lori","Лори",NA,14102
"2023-03-31","Ոչ Պետական","Non-public","Լոռի","Lori","Лори",NA,14327
"2023-06-30","Ոչ Պետական","Non-public","Լոռի","Lori","Лори",NA,15048
"2023-09-30","Ոչ Պետական","Non-public","Լոռի","Lori","Лори",NA,15439
"2023-12-31","Ոչ Պետական","Non-public","Լոռի","Lori","Лори",NA,15410
"2024-03-31","Ոչ Պետական","Non-public","Լոռի","Lori","Лори",NA,15077
"2024-06-30","Ոչ Պետական","Non-public","Լոռի","Lori","Лори",NA,15377
"2018-03-31","Ոչ Պետական","Non-public","Կոտայք","Kotayk","Котайк",NA,19982
"2018-06-30","Ոչ Պետական","Non-public","Կոտայք","Kotayk","Котайк",NA,21420
"2018-09-30","Ոչ Պետական","Non-public","Կոտայք","Kotayk","Котайк",NA,23838
"2018-12-31","Ոչ Պետական","Non-public","Կոտայք","Kotayk","Котайк",NA,23314
"2019-03-31","Ոչ Պետական","Non-public","Կոտայք","Kotayk","Котайк",NA,22512
"2019-06-30","Ոչ Պետական","Non-public","Կոտայք","Kotayk","Котайк",NA,23710
"2019-09-30","Ոչ Պետական","Non-public","Կոտայք","Kotayk","Котайк",NA,24436
"2019-12-31","Ոչ Պետական","Non-public","Կոտայք","Kotayk","Котайк",NA,24527
"2020-03-31","Ոչ Պետական","Non-public","Կոտայք","Kotayk","Котайк",NA,23932
"2020-06-30","Ոչ Պետական","Non-public","Կոտայք","Kotayk","Котайк",NA,23653
"2020-09-30","Ոչ Պետական","Non-public","Կոտայք","Kotayk","Котайк",NA,25262
"2020-12-31","Ոչ Պետական","Non-public","Կոտայք","Kotayk","Котайк",NA,24018
"2021-03-31","Ոչ Պետական","Non-public","Կոտայք","Kotayk","Котайк",NA,22802
"2021-06-30","Ոչ Պետական","Non-public","Կոտայք","Kotayk","Котайк",NA,23959
"2021-09-30","Ոչ Պետական","Non-public","Կոտայք","Kotayk","Котайк",NA,24607
"2021-12-31","Ոչ Պետական","Non-public","Կոտայք","Kotayk","Котайк",NA,24300
"2022-03-31","Ոչ Պետական","Non-public","Կոտայք","Kotayk","Котайк",NA,25075
"2022-06-30","Ոչ Պետական","Non-public","Կոտայք","Kotayk","Котайк",NA,25406
"2022-09-30","Ոչ Պետական","Non-public","Կոտայք","Kotayk","Котайк",NA,25560
"2022-12-31","Ոչ Պետական","Non-public","Կոտայք","Kotayk","Котайк",NA,25650
"2023-03-31","Ոչ Պետական","Non-public","Կոտայք","Kotayk","Котайк",NA,25101
"2023-06-30","Ոչ Պետական","Non-public","Կոտայք","Kotayk","Котайк",NA,26053
"2023-09-30","Ոչ Պետական","Non-public","Կոտայք","Kotayk","Котайк",NA,26225
"2023-12-31","Ոչ Պետական","Non-public","Կոտայք","Kotayk","Котайк",NA,26224
"2024-03-31","Ոչ Պետական","Non-public","Կոտայք","Kotayk","Котайк",NA,25949
"2024-06-30","Ոչ Պետական","Non-public","Կոտայք","Kotayk","Котайк",NA,27609
"2018-03-31","Ոչ Պետական","Non-public","Շիրակ","Shirak","Ширак",NA,7968
"2018-06-30","Ոչ Պետական","Non-public","Շիրակ","Shirak","Ширак",NA,8577
"2018-09-30","Ոչ Պետական","Non-public","Շիրակ","Shirak","Ширак",NA,9363
"2018-12-31","Ոչ Պետական","Non-public","Շիրակ","Shirak","Ширак",NA,9534
"2019-03-31","Ոչ Պետական","Non-public","Շիրակ","Shirak","Ширак",NA,8553
"2019-06-30","Ոչ Պետական","Non-public","Շիրակ","Shirak","Ширак",NA,9390
"2019-09-30","Ոչ Պետական","Non-public","Շիրակ","Shirak","Ширак",NA,9496
"2019-12-31","Ոչ Պետական","Non-public","Շիրակ","Shirak","Ширак",NA,9713
"2020-03-31","Ոչ Պետական","Non-public","Շիրակ","Shirak","Ширак",NA,9223
"2020-06-30","Ոչ Պետական","Non-public","Շիրակ","Shirak","Ширак",NA,9455
"2020-09-30","Ոչ Պետական","Non-public","Շիրակ","Shirak","Ширак",NA,10387
"2020-12-31","Ոչ Պետական","Non-public","Շիրակ","Shirak","Ширак",NA,9903
"2021-03-31","Ոչ Պետական","Non-public","Շիրակ","Shirak","Ширак",NA,9237
"2021-06-30","Ոչ Պետական","Non-public","Շիրակ","Shirak","Ширак",NA,9904
"2021-09-30","Ոչ Պետական","Non-public","Շիրակ","Shirak","Ширак",NA,10010
"2021-12-31","Ոչ Պետական","Non-public","Շիրակ","Shirak","Ширак",NA,9835
"2022-03-31","Ոչ Պետական","Non-public","Շիրակ","Shirak","Ширак",NA,9947
"2022-06-30","Ոչ Պետական","Non-public","Շիրակ","Shirak","Ширак",NA,10539
"2022-09-30","Ոչ Պետական","Non-public","Շիրակ","Shirak","Ширак",NA,10483
"2022-12-31","Ոչ Պետական","Non-public","Շիրակ","Shirak","Ширак",NA,10309
"2023-03-31","Ոչ Պետական","Non-public","Շիրակ","Shirak","Ширак",NA,10066
"2023-06-30","Ոչ Պետական","Non-public","Շիրակ","Shirak","Ширак",NA,10963
"2023-09-30","Ոչ Պետական","Non-public","Շիրակ","Shirak","Ширак",NA,11154
"2023-12-31","Ոչ Պետական","Non-public","Շիրակ","Shirak","Ширак",NA,10994
"2024-03-31","Ոչ Պետական","Non-public","Շիրակ","Shirak","Ширак",NA,10462
"2024-06-30","Ոչ Պետական","Non-public","Շիրակ","Shirak","Ширак",NA,11218
"2018-03-31","Ոչ Պետական","Non-public","Սյունիք","Syunik","Сюник",NA,11991
"2018-06-30","Ոչ Պետական","Non-public","Սյունիք","Syunik","Сюник",NA,12548
"2018-09-30","Ոչ Պետական","Non-public","Սյունիք","Syunik","Сюник",NA,13322
"2018-12-31","Ոչ Պետական","Non-public","Սյունիք","Syunik","Сюник",NA,13446
"2019-03-31","Ոչ Պետական","Non-public","Սյունիք","Syunik","Сюник",NA,12950
"2019-06-30","Ոչ Պետական","Non-public","Սյունիք","Syunik","Сюник",NA,13599
"2019-09-30","Ոչ Պետական","Non-public","Սյունիք","Syunik","Сюник",NA,14181
"2019-12-31","Ոչ Պետական","Non-public","Սյունիք","Syunik","Сюник",NA,14395
"2020-03-31","Ոչ Պետական","Non-public","Սյունիք","Syunik","Сюник",NA,14176
"2020-06-30","Ոչ Պետական","Non-public","Սյունիք","Syunik","Сюник",NA,14318
"2020-09-30","Ոչ Պետական","Non-public","Սյունիք","Syunik","Сюник",NA,14901
"2020-12-31","Ոչ Պետական","Non-public","Սյունիք","Syunik","Сюник",NA,14495
"2021-03-31","Ոչ Պետական","Non-public","Սյունիք","Syunik","Сюник",NA,14154
"2021-06-30","Ոչ Պետական","Non-public","Սյունիք","Syunik","Сюник",NA,14671
"2021-09-30","Ոչ Պետական","Non-public","Սյունիք","Syunik","Сюник",NA,14992
"2021-12-31","Ոչ Պետական","Non-public","Սյունիք","Syunik","Сюник",NA,14850
"2022-03-31","Ոչ Պետական","Non-public","Սյունիք","Syunik","Сюник",NA,14060
"2022-06-30","Ոչ Պետական","Non-public","Սյունիք","Syunik","Сюник",NA,14414
"2022-09-30","Ոչ Պետական","Non-public","Սյունիք","Syunik","Сюник",NA,14431
"2022-12-31","Ոչ Պետական","Non-public","Սյունիք","Syunik","Сюник",NA,14554
"2023-03-31","Ոչ Պետական","Non-public","Սյունիք","Syunik","Сюник",NA,14663
"2023-06-30","Ոչ Պետական","Non-public","Սյունիք","Syunik","Сюник",NA,14964
"2023-09-30","Ոչ Պետական","Non-public","Սյունիք","Syunik","Сюник",NA,14891
"2023-12-31","Ոչ Պետական","Non-public","Սյունիք","Syunik","Сюник",NA,14718
"2024-03-31","Ոչ Պետական","Non-public","Սյունիք","Syunik","Сюник",NA,14579
"2024-06-30","Ոչ Պետական","Non-public","Սյունիք","Syunik","Сюник",NA,14998
"2018-03-31","Ոչ Պետական","Non-public","Վայոց Ձոր","Vayots Dzor","Вайоц дзор",NA,2542
"2018-06-30","Ոչ Պետական","Non-public","Վայոց Ձոր","Vayots Dzor","Вайоц дзор",NA,2936
"2018-09-30","Ոչ Պետական","Non-public","Վայոց Ձոր","Vayots Dzor","Вайоц дзор",NA,3337
"2018-12-31","Ոչ Պետական","Non-public","Վայոց Ձոր","Vayots Dzor","Вайоц дзор",NA,3107
"2019-03-31","Ոչ Պետական","Non-public","Վայոց Ձոր","Vayots Dzor","Вайоц дзор",NA,2926
"2019-06-30","Ոչ Պետական","Non-public","Վայոց Ձոր","Vayots Dzor","Вайоц дзор",NA,3295
"2019-09-30","Ոչ Պետական","Non-public","Վայոց Ձոր","Vayots Dzor","Вайоц дзор",NA,3668
"2019-12-31","Ոչ Պետական","Non-public","Վայոց Ձոր","Vayots Dzor","Вайоц дзор",NA,3469
"2020-03-31","Ոչ Պետական","Non-public","Վայոց Ձոր","Vayots Dzor","Вайоц дзор",NA,3294
"2020-06-30","Ոչ Պետական","Non-public","Վայոց Ձոր","Vayots Dzor","Вайоц дзор",NA,3114
"2020-09-30","Ոչ Պետական","Non-public","Վայոց Ձոր","Vayots Dzor","Вайоц дзор",NA,3627
"2020-12-31","Ոչ Պետական","Non-public","Վայոց Ձոր","Vayots Dzor","Вайоц дзор",NA,3387
"2021-03-31","Ոչ Պետական","Non-public","Վայոց Ձոր","Vayots Dzor","Вайоц дзор",NA,3101
"2021-06-30","Ոչ Պետական","Non-public","Վայոց Ձոր","Vayots Dzor","Вайоц дзор",NA,3389
"2021-09-30","Ոչ Պետական","Non-public","Վայոց Ձոր","Vayots Dzor","Вайоц дзор",NA,3683
"2021-12-31","Ոչ Պետական","Non-public","Վայոց Ձոր","Vayots Dzor","Вайоц дзор",NA,3574
"2022-03-31","Ոչ Պետական","Non-public","Վայոց Ձոր","Vayots Dzor","Вайоц дзор",NA,3383
"2022-06-30","Ոչ Պետական","Non-public","Վայոց Ձոր","Vayots Dzor","Вайоц дзор",NA,3680
"2022-09-30","Ոչ Պետական","Non-public","Վայոց Ձոր","Vayots Dzor","Вайоц дзор",NA,4061
"2022-12-31","Ոչ Պետական","Non-public","Վայոց Ձոր","Vayots Dzor","Вайоц дзор",NA,3850
"2023-03-31","Ոչ Պետական","Non-public","Վայոց Ձոր","Vayots Dzor","Вайоц дзор",NA,3396
"2023-06-30","Ոչ Պետական","Non-public","Վայոց Ձոր","Vayots Dzor","Вайоц дзор",NA,3736
"2023-09-30","Ոչ Պետական","Non-public","Վայոց Ձոր","Vayots Dzor","Вайоц дзор",NA,4050
"2023-12-31","Ոչ Պետական","Non-public","Վայոց Ձոր","Vayots Dzor","Вайоц дзор",NA,3948
"2024-03-31","Ոչ Պետական","Non-public","Վայոց Ձոր","Vayots Dzor","Вайоц дзор",NA,3679
"2024-06-30","Ոչ Պետական","Non-public","Վայոց Ձոր","Vayots Dzor","Вайоц дзор",NA,4064
"2018-03-31","Ոչ Պետական","Non-public","Տավուշ","Tavush","Тавуш",NA,4099
"2018-06-30","Ոչ Պետական","Non-public","Տավուշ","Tavush","Тавуш",NA,4458
"2018-09-30","Ոչ Պետական","Non-public","Տավուշ","Tavush","Тавуш",NA,5068
"2018-12-31","Ոչ Պետական","Non-public","Տավուշ","Tavush","Тавуш",NA,4980
"2019-03-31","Ոչ Պետական","Non-public","Տավուշ","Tavush","Тавуш",NA,4668
"2019-06-30","Ոչ Պետական","Non-public","Տավուշ","Tavush","Тавуш",NA,4989
"2019-09-30","Ոչ Պետական","Non-public","Տավուշ","Tavush","Тавуш",NA,5232
"2019-12-31","Ոչ Պետական","Non-public","Տավուշ","Tavush","Тавуш",NA,5132
"2020-03-31","Ոչ Պետական","Non-public","Տավուշ","Tavush","Тавуш",NA,5193
"2020-06-30","Ոչ Պետական","Non-public","Տավուշ","Tavush","Тавуш",NA,5277
"2020-09-30","Ոչ Պետական","Non-public","Տավուշ","Tavush","Тавуш",NA,5854
"2020-12-31","Ոչ Պետական","Non-public","Տավուշ","Tavush","Тавуш",NA,5659
"2021-03-31","Ոչ Պետական","Non-public","Տավուշ","Tavush","Тавуш",NA,5608
"2021-06-30","Ոչ Պետական","Non-public","Տավուշ","Tavush","Тавуш",NA,5732
"2021-09-30","Ոչ Պետական","Non-public","Տավուշ","Tavush","Тавуш",NA,5866
"2021-12-31","Ոչ Պետական","Non-public","Տավուշ","Tavush","Тавуш",NA,5703
"2022-03-31","Ոչ Պետական","Non-public","Տավուշ","Tavush","Тавуш",NA,5690
"2022-06-30","Ոչ Պետական","Non-public","Տավուշ","Tavush","Тавуш",NA,5960
"2022-09-30","Ոչ Պետական","Non-public","Տավուշ","Tavush","Тавуш",NA,6003
"2022-12-31","Ոչ Պետական","Non-public","Տավուշ","Tavush","Тавуш",NA,5924
"2023-03-31","Ոչ Պետական","Non-public","Տավուշ","Tavush","Тавуш",NA,5965
"2023-06-30","Ոչ Պետական","Non-public","Տավուշ","Tavush","Тавуш",NA,6407
"2023-09-30","Ոչ Պետական","Non-public","Տավուշ","Tavush","Тавуш",NA,6577
"2023-12-31","Ոչ Պետական","Non-public","Տավուշ","Tavush","Тавуш",NA,6226
"2024-03-31","Ոչ Պետական","Non-public","Տավուշ","Tavush","Тавуш",NA,5970
"2024-06-30","Ոչ Պետական","Non-public","Տավուշ","Tavush","Тавуш",NA,6302
